文書ID,文書名,元ファイル,索引ページ,列,行,用語,掲載ページ,要確認の理由,読み取り候補1,読み取り候補2
gokaku,応用情報 合格教本 令和08年,data/gokaku/index-786.json,786,1,1,ーーバーーーーーーコ,2.38.60,,,
gokaku,応用情報 合格教本 令和08年,data/gokaku/index-786.json,786,1,5,out of 3 システム,280,,,
gokaku,応用情報 合格教本 令和08年,data/gokaku/index-786.json,786,1,6,次キャッシュ,152,,,
gokaku,応用情報 合格教本 令和08年,data/gokaku/index-786.json,786,1,7,g 進セマフォ,251,,,
gokaku,応用情報 合格教本 令和08年,data/gokaku/index-786.json,786,1,8,相コミットメント制御,358,,,
gokaku,応用情報 合格教本 令和08年,data/gokaku/index-786.json,786,1,9,8 値セマフォ,251,,,
gokaku,応用情報 合格教本 令和08年,data/gokaku/index-786.json,786,1,10,部グラフ,42,,,
gokaku,応用情報 合格教本 令和08年,data/gokaku/index-786.json,786,1,11,ODER,85.86.100.257,,,
gokaku,応用情報 合格教本 令和08年,data/gokaku/index-786.json,786,1,12,8 要素認証,450,,,
gokaku,応用情報 合格教本 令和08年,data/gokaku/index-786.json,786,1,14,3 相コミットメント制宙,353,,,
gokaku,応用情報 合格教本 令和08年,data/gokaku/index-786.json,786,1,15,3 飛スキーマ梅造,291.298,,,
gokaku,応用情報 合格教本 令和08年,data/gokaku/index-786.json,786,1,16,3 つ組かでいい,37,,,
gokaku,応用情報 合格教本 令和08年,data/gokaku/index-786.json,786,1,17,SAMBA,618,,,
gokaku,応用情報 合格教本 令和08年,data/gokaku/index-786.json,786,1,18,BLoWPAN………ード,481,,,
gokaku,応用情報 合格教本 令和08年,data/gokaku/index-786.json,786,1,19,AB テスト,618,,,
gokaku,応用情報 合格教本 令和08年,data/gokaku/index-786.json,786,1,22,ABC 分析,640,,,
gokaku,応用情報 合格教本 令和08年,data/gokaku/index-786.json,786,2,23,ACID 特性,335,,,
gokaku,応用情報 合格教本 令和08年,data/gokaku/index-786.json,786,2,24,ACK 番号,400,,,
gokaku,応用情報 合格教本 令和08年,data/gokaku/index-786.json,786,2,25,ADAS oe nn,131,,,
gokaku,応用情報 合格教本 令和08年,data/gokaku/index-786.json,786,2,26,AES-CCMP,444,,,
gokaku,応用情報 合格教本 令和08年,data/gokaku/index-786.json,786,2,27,AI8XK…ー…… ees ee ee,106,,,
gokaku,応用情報 合格教本 令和08年,data/gokaku/index-786.json,786,2,29,alternate key,298,,,
gokaku,応用情報 合格教本 令和08年,data/gokaku/index-786.json,786,2,30,AND,120.123,,,
gokaku,応用情報 合格教本 令和08年,data/gokaku/index-786.json,786,2,32,APIPA,398,,,
gokaku,応用情報 合格教本 令和08年,data/gokaku/index-786.json,786,2,34,arp コマンド,399,,,
gokaku,応用情報 合格教本 令和08年,data/gokaku/index-786.json,786,2,35,AS,814.318.381,,,
gokaku,応用情報 合格教本 令和08年,data/gokaku/index-786.json,786,2,36,As-lIs モデル,608,,,
gokaku,応用情報 合格教本 令和08年,data/gokaku/index-786.json,786,2,37,ATAPI… tt,162,,,
gokaku,応用情報 合格教本 令和08年,data/gokaku/index-786.json,786,2,38,Atomicity,35,,,
gokaku,応用情報 合格教本 令和08年,data/gokaku/index-786.json,786,2,39,ATTSCK,629,,,
gokaku,応用情報 合格教本 令和08年,data/gokaku/index-786.json,786,2,40,BUTO s+ sre reeseeeeesereres,108,,,
gokaku,応用情報 合格教本 令和08年,data/gokaku/index-786.json,786,2,41,AVG 関数,315,,,
gokaku,応用情報 合格教本 令和08年,data/gokaku/index-786.json,786,2,42,AA レコード,408,,,
gokaku,応用情報 合格教本 令和08年,data/gokaku/index-786.json,786,2,43,BT 木 -…… ーーー BB,346,,,
gokaku,応用情報 合格教本 令和08年,data/gokaku/index-787.json,787,2,2,EDSA 認証,628,,,
gokaku,応用情報 合格教本 令和08年,data/gokaku/index-787.json,787,2,3,EIGamal 暗号,443,,,
gokaku,応用情報 合格教本 令和08年,data/gokaku/index-788.json,788,1,1,ESP,468,,,
gokaku,応用情報 合格教本 令和08年,data/gokaku/index-788.json,788,1,2,EV SSLEBBAR:,457,,,
gokaku,応用情報 合格教本 令和08年,data/gokaku/index-788.json,788,1,3,EVM・…… rere eee,564568,,,
gokaku,応用情報 合格教本 令和08年,data/gokaku/index-788.json,788,1,4,EVEDBBRE,002200222000457,,,
gokaku,応用情報 合格教本 令和08年,data/gokaku/index-788.json,788,1,5,Exploit Kit,465,,,
gokaku,応用情報 合格教本 令和08年,data/gokaku/index-788.json,788,1,6,FO «ese seseeeeeeeeees 1G],192,,,
gokaku,応用情報 合格教本 令和08年,data/gokaku/index-788.json,788,1,7,FCFS seers ee,245,,,
gokaku,応用情報 合格教本 令和08年,data/gokaku/index-788.json,788,1,8,FETCH,310.333.334,,,
gokaku,応用情報 合格教本 令和08年,data/gokaku/index-788.json,788,1,9,FF 関係,568,,,
gokaku,応用情報 合格教本 令和08年,data/gokaku/index-788.json,788,1,10,FIFO,"80,155,261,262",,,
gokaku,応用情報 合格教本 令和08年,data/gokaku/index-788.json,788,1,11,FireWire,168,,,
gokaku,応用情報 合格教本 令和08年,data/gokaku/index-788.json,788,1,12,FLOPS,197,,,
gokaku,応用情報 合格教本 令和08年,data/gokaku/index-788.json,788,1,13,FMEA … tt,183,,,
gokaku,応用情報 合格教本 令和08年,data/gokaku/index-788.json,788,1,14,FMS oereersreeeeeeeee,625,,,
gokaku,応用情報 合格教本 令和08年,data/gokaku/index-788.json,788,1,15,FOREIGN KEY,"298,327,328",,,
gokaku,応用情報 合格教本 令和08年,data/gokaku/index-788.json,788,1,17,FQDN ……t,407,,,
gokaku,応用情報 合格教本 令和08年,data/gokaku/index-788.json,788,1,18,FROM 旬 ………… の,311,,,
gokaku,応用情報 合格教本 令和08年,data/gokaku/index-788.json,788,1,19,FRR…… の,450,,,
gokaku,応用情報 合格教本 令和08年,data/gokaku/index-788.json,788,1,20,FS 関係,563,,,
gokaku,応用情報 合格教本 令和08年,data/gokaku/index-788.json,788,1,22,Fa OPECEF で EK すミドドドドドよどさすすす,70,,,
gokaku,応用情報 合格教本 令和08年,data/gokaku/index-788.json,788,2,25,Hadoop,198,,,
gokaku,応用情報 合格教本 令和08年,data/gokaku/index-788.json,788,2,26,HAVING 名,811.314,,,
gokaku,応用情報 合格教本 令和08年,data/gokaku/index-788.json,788,2,28,HIDS me,461,,,
gokaku,応用情報 合格教本 令和08年,data/gokaku/index-788.json,788,2,29,HPCC,185.187,,,
gokaku,応用情報 合格教本 令和08年,data/gokaku/index-788.json,788,2,30,HRTech……… ド,630,,,
gokaku,応用情報 合格教本 令和08年,data/gokaku/index-788.json,788,2,31,HSTS,405,,,
gokaku,応用情報 合格教本 令和08年,data/gokaku/index-788.json,788,2,33,HTTPS,877.405,,,
gokaku,応用情報 合格教本 令和08年,data/gokaku/index-788.json,788,2,34,HTTP バパイブライン機能,438,,,
gokaku,応用情報 合格教本 令和08年,data/gokaku/index-788.json,788,2,36,ICO バス,168,,,
gokaku,応用情報 合格教本 令和08年,data/gokaku/index-788.json,788,2,37,la88,608,,,
gokaku,応用情報 合格教本 令和08年,data/gokaku/index-788.json,788,2,38,ICMP,375.391.399,,,
gokaku,応用情報 合格教本 令和08年,data/gokaku/index-788.json,788,2,40,ICMPv6,396.399,,,
gokaku,応用情報 合格教本 令和08年,data/gokaku/index-788.json,788,2,41,IdP-Initiated 方式,448,,,
gokaku,応用情報 合格教本 令和08年,data/gokaku/index-788.json,788,2,42,IDS ーードド,461,,,
gokaku,応用情報 合格教本 令和08年,data/gokaku/index-788.json,788,2,43,IEEE 1394,168,,,
gokaku,応用情報 合格教本 令和08年,data/gokaku/index-788.json,788,2,44,IEEE 802.11,416,,,
gokaku,応用情報 合格教本 令和08年,data/gokaku/index-788.json,788,2,45,IEEE 802.11a,416,,,
gokaku,応用情報 合格教本 令和08年,data/gokaku/index-788.json,788,2,47,IEEE 802.11ax,416,,,
gokaku,応用情報 合格教本 令和08年,data/gokaku/index-788.json,788,2,48,IEEE 802.11g,416,,,
gokaku,応用情報 合格教本 令和08年,data/gokaku/index-788.json,788,2,49,IEEE 802.11n,416,,,
gokaku,応用情報 合格教本 令和08年,data/gokaku/index-788.json,788,2,50,IEEE 802.15.4,"421,422",,,
gokaku,応用情報 合格教本 令和08年,data/gokaku/index-788.json,788,2,51,IEEE 802.1Q,385,,,
gokaku,応用情報 合格教本 令和08年,data/gokaku/index-788.json,788,2,54,"IEEE 802,3ad",389,,,
gokaku,応用情報 合格教本 令和08年,data/gokaku/index-788.json,788,2,55,IEEE 808.3at,389,,,
gokaku,応用情報 合格教本 令和08年,data/gokaku/index-788.json,788,2,56,IEEE 802.3bt,389,,,
gokaku,応用情報 合格教本 令和08年,data/gokaku/index-788.json,788,1,57,IFPUG 法 ………… い,567,,,
gokaku,応用情報 合格教本 令和08年,data/gokaku/index-788.json,788,1,58,IBP… ドドドーーード,380,,,
gokaku,応用情報 合格教本 令和08年,data/gokaku/index-788.json,788,1,59,IMAP4,377.408,,,
gokaku,応用情報 合格教本 令和08年,data/gokaku/index-788.json,788,1,60,IMAP4S,408,,,
gokaku,応用情報 合格教本 令和08年,data/gokaku/index-788.json,788,1,61,INNER JOIN,316.319,,,
gokaku,応用情報 合格教本 令和08年,data/gokaku/index-788.json,788,1,62,INTERSECT,"306,321",,,
gokaku,応用情報 合格教本 令和08年,data/gokaku/index-788.json,788,1,63,INVEST,501,,,
gokaku,応用情報 合格教本 令和08年,data/gokaku/index-788.json,788,1,65,IPC reer cere errr ら,48,,,
gokaku,応用情報 合格教本 令和08年,data/gokaku/index-788.json,788,1,66,ipconfig,389,,,
gokaku,応用情報 合格教本 令和08年,data/gokaku/index-788.json,788,1,67,IPsec,396.468,,,
gokaku,応用情報 合格教本 令和08年,data/gokaku/index-788.json,788,1,68,IPv4,880.391,,,
gokaku,応用情報 合格教本 令和08年,data/gokaku/index-788.json,788,1,69,IPV6,390.391.396,,,
gokaku,応用情報 合格教本 令和08年,data/gokaku/index-788.json,788,1,70,IP-VPN,468,,,
gokaku,応用情報 合格教本 令和08年,data/gokaku/index-788.json,788,1,73,IP ヘッダ (IPv4),390,,,
gokaku,応用情報 合格教本 令和08年,data/gokaku/index-788.json,788,1,76,IRR,605.678,,,
gokaku,応用情報 合格教本 令和08年,data/gokaku/index-788.json,788,1,77,SA ドドーー 16 ら,2,,,
gokaku,応用情報 合格教本 令和08年,data/gokaku/index-788.json,788,1,78,iSCSI,168.198,,,
gokaku,応用情報 合格教本 令和08年,data/gokaku/index-788.json,788,1,79,ISMAP…ーー… ド,475,,,
gokaku,応用情報 合格教本 令和08年,data/gokaku/index-788.json,788,1,80,ISMS ドドーード,475,,,
gokaku,応用情報 合格教本 令和08年,data/gokaku/index-788.json,788,1,81,ISMS 鞍合性評価制度,475,,,
gokaku,応用情報 合格教本 令和08年,data/gokaku/index-788.json,788,1,82,ISO/IEC 15408,475,,,
gokaku,応用情報 合格教本 令和08年,data/gokaku/index-788.json,788,1,83,ISO/IEC 7001 ……… バ,475,,,
gokaku,応用情報 合格教本 令和08年,data/gokaku/index-788.json,788,1,84,IT ガパナンス,603,,,
gokaku,応用情報 合格教本 令和08年,data/gokaku/index-788.json,788,1,87,IV&V vreeeeeeeeeseeeesee,540,,,
gokaku,応用情報 合格教本 令和08年,data/gokaku/index-789.json,789,2,2,Java VM… ini,106,,,
gokaku,応用情報 合格教本 令和08年,data/gokaku/index-789.json,789,2,3,Jav8Beans,106,,,
gokaku,応用情報 合格教本 令和08年,data/gokaku/index-789.json,789,2,4,JavaScript,105,,,
gokaku,応用情報 合格教本 令和08年,data/gokaku/index-789.json,789,2,5,Java アプレット,106,,,
gokaku,応用情報 合格教本 令和08年,data/gokaku/index-789.json,789,2,6,Java 仮想マシン,106,,,
gokaku,応用情報 合格教本 令和08年,data/gokaku/index-789.json,789,2,9,JCRAT……… いの,476,,,
gokaku,応用情報 合格教本 令和08年,data/gokaku/index-789.json,789,2,11,JIS Q,20000-1:2080...570,,,
gokaku,応用情報 合格教本 令和08年,data/gokaku/index-789.json,789,2,12,JIS Q,20000-2----------570,,,
gokaku,応用情報 合格教本 令和08年,data/gokaku/index-789.json,789,2,14,JIS Q 27001,475,,,
gokaku,応用情報 合格教本 令和08年,data/gokaku/index-789.json,789,2,15,JIS Q 270086,475,,,
gokaku,応用情報 合格教本 令和08年,data/gokaku/index-789.json,789,2,19,JIS X 85010:2013,658,,,
gokaku,応用情報 合格教本 令和08年,data/gokaku/index-789.json,789,2,23,JIS X 8341-1:2010,660,,,
gokaku,応用情報 合格教本 令和08年,data/gokaku/index-789.json,789,2,24,JIS X,9303:8006.........661,,,
gokaku,応用情報 合格教本 令和08年,data/gokaku/index-789.json,789,2,28,JIS Z 8521:2080,660,,,
gokaku,応用情報 合格教本 令和08年,data/gokaku/index-789.json,789,2,29,JPCERT/CC,476.668,,,
gokaku,応用情報 合格教本 令和08年,data/gokaku/index-789.json,789,2,30,JSON,105.357,,,
gokaku,応用情報 合格教本 令和08年,data/gokaku/index-789.json,789,2,31,JVN,476.489,,,
gokaku,応用情報 合格教本 令和08年,data/gokaku/index-789.json,789,2,32,KCipher2,448,,,
gokaku,応用情報 合格教本 令和08年,data/gokaku/index-789.json,789,2,33,Kerberos 方式,450,,,
gokaku,応用情報 合格教本 令和08年,data/gokaku/index-789.json,789,2,34,KM,62,,,
gokaku,応用情報 合格教本 令和08年,data/gokaku/index-789.json,789,2,35,kmeans 法 (k 平均法 ),67,,,
gokaku,応用情報 合格教本 令和08年,data/gokaku/index-789.json,789,2,36,Kubemetes,195,,,
gokaku,応用情報 合格教本 令和08年,data/gokaku/index-789.json,789,1,37,L1(L2) キャッシュ vee,152,,,
gokaku,応用情報 合格教本 令和08年,data/gokaku/index-789.json,789,1,38,L2TP,468,,,
gokaku,応用情報 合格教本 令和08年,data/gokaku/index-789.json,789,1,39,L4 スイッチ,382,,,
gokaku,応用情報 合格教本 令和08年,data/gokaku/index-789.json,789,1,40,LDAP sess teen,418,,,
gokaku,応用情報 合格教本 令和08年,data/gokaku/index-789.json,789,1,42,LEU,155.261,,,
gokaku,応用情報 合格教本 令和08年,data/gokaku/index-789.json,789,1,43,LIFO sss trrerereeeee+s,"80,155",,,
gokaku,応用情報 合格教本 令和08年,data/gokaku/index-789.json,789,1,44,Linpack,198,,,
gokaku,応用情報 合格教本 令和08年,data/gokaku/index-789.json,789,1,45,LPWA,481,,,
gokaku,応用情報 合格教本 令和08年,data/gokaku/index-789.json,789,1,46,LRU,155.261.268,,,
gokaku,応用情報 合格教本 令和08年,data/gokaku/index-789.json,789,1,47,LSB… ti,188,,,
gokaku,応用情報 合格教本 令和08年,data/gokaku/index-789.json,789,1,48,ls コマンド,274,,,
gokaku,応用情報 合格教本 令和08年,data/gokaku/index-789.json,789,1,49,LTE CatM1,421,,,
gokaku,応用情報 合格教本 令和08年,data/gokaku/index-789.json,789,1,50,MM/1,203.209,,,
gokaku,応用情報 合格教本 令和08年,data/gokaku/index-789.json,789,1,51,MMS,809.211.218,,,
gokaku,応用情報 合格教本 令和08年,data/gokaku/index-789.json,789,1,52,MOM ti,420,,,
gokaku,応用情報 合格教本 令和08年,data/gokaku/index-789.json,789,1,53,MAC,376.386.457,,,
gokaku,応用情報 合格教本 令和08年,data/gokaku/index-789.json,789,1,55,mnnrrrrrrn,878.379,,,
gokaku,応用情報 合格教本 令和08年,data/gokaku/index-789.json,789,1,56,Man-in-the-middle 攻撃,470,,,
gokaku,応用情報 合格教本 令和08年,data/gokaku/index-789.json,789,1,57,MapReduce,188,,,
gokaku,応用情報 合格教本 令和08年,data/gokaku/index-789.json,789,1,58,MDA ti,503,,,
gokaku,応用情報 合格教本 令和08年,data/gokaku/index-789.json,789,2,59,Mirai………ーーード,464.627,,,
gokaku,応用情報 合格教本 令和08年,data/gokaku/index-789.json,789,2,60,MITB 攻撃,471,,,
gokaku,応用情報 合格教本 令和08年,data/gokaku/index-789.json,789,2,61,MITRE ATTSCK,629,,,
gokaku,応用情報 合格教本 令和08年,data/gokaku/index-789.json,789,2,62,monlist,470,,,
gokaku,応用情報 合格教本 令和08年,data/gokaku/index-789.json,789,2,64,MQTT,2420,,,
gokaku,応用情報 合格教本 令和08年,data/gokaku/index-789.json,789,2,67,M 幾能,628,,,
gokaku,応用情報 合格教本 令和08年,data/gokaku/index-789.json,789,2,69,NAPT,398.433,,,
gokaku,応用情報 合格教本 令和08年,data/gokaku/index-789.json,789,2,70,NAS,180.191,,,
gokaku,応用情報 合格教本 令和08年,data/gokaku/index-789.json,789,2,72,NOP………ーーード,388,,,
gokaku,応用情報 合格教本 令和08年,data/gokaku/index-789.json,789,2,73,NFS,178.191,,,
gokaku,応用情報 合格教本 令和08年,data/gokaku/index-789.json,789,2,76,NoSQL,35.357,,,
gokaku,応用情報 合格教本 令和08年,data/gokaku/index-792.json,792,1,2,暗号資産,623,,,
gokaku,応用情報 合格教本 令和08年,data/gokaku/index-792.json,792,1,3,暗合的棄度,585,,,
gokaku,応用情報 合格教本 令和08年,data/gokaku/index-792.json,792,1,4,暗号ペイロード,488,,,
gokaku,応用情報 合格教本 令和08年,data/gokaku/index-792.json,792,1,7,安全余裕率,646,,,
gokaku,応用情報 合格教本 令和08年,data/gokaku/index-792.json,792,1,13,行きがけ順,84,,,
gokaku,応用情報 合格教本 令和08年,data/gokaku/index-792.json,792,1,16,委譲 … ド 51 フ,7,,,
gokaku,応用情報 合格教本 令和08年,data/gokaku/index-792.json,792,1,17,一意性制約,298.326.327,,,
gokaku,応用情報 合格教本 令和08年,data/gokaku/index-792.json,792,1,18,位置に対する遂過性,349,,,
gokaku,応用情報 合格教本 令和08年,data/gokaku/index-792.json,792,1,19,一方向性,495,,,
gokaku,応用情報 合格教本 令和08年,data/gokaku/index-792.json,792,1,20,一斉移行方式,574,,,
gokaku,応用情報 合格教本 令和08年,data/gokaku/index-792.json,792,1,24,移動透過性,351,,,
gokaku,応用情報 合格教本 令和08年,data/gokaku/index-792.json,792,1,26,移動平均法,648.754,,,
gokaku,応用情報 合格教本 令和08年,data/gokaku/index-792.json,792,1,30,イベントフラグ ……………… ら,47,,,
gokaku,応用情報 合格教本 令和08年,data/gokaku/index-792.json,792,1,31,意味解析,"36,265",,,
gokaku,応用情報 合格教本 令和08年,data/gokaku/index-792.json,792,1,32,入れチループ法,351,,,
gokaku,応用情報 合格教本 令和08年,data/gokaku/index-792.json,792,1,33,インオーダ実行,144,,,
gokaku,応用情報 合格教本 令和08年,data/gokaku/index-792.json,792,1,34,因果グラフ,528,,,
gokaku,応用情報 合格教本 令和08年,data/gokaku/index-792.json,792,1,35,インキュペータ,615,,,
gokaku,応用情報 合格教本 令和08年,data/gokaku/index-793.json,793,2,7,AYIA RY MMe,375,,,
gokaku,応用情報 合格教本 令和08年,data/gokaku/index-793.json,793,2,12,インタロックーーーーード,184,,,
gokaku,応用情報 合格教本 令和08年,data/gokaku/index-793.json,793,2,14,インデックス,291.345,,,
gokaku,応用情報 合格教本 令和08年,data/gokaku/index-793.json,793,2,15,インヘリタンス,515,,,
gokaku,応用情報 合格教本 令和08年,data/gokaku/index-793.json,793,2,21,ウォークスルー法,581,,,
gokaku,応用情報 合格教本 令和08年,data/gokaku/index-793.json,793,2,25,PBA sree,"316,319",,,
gokaku,応用情報 合格教本 令和08年,data/gokaku/index-793.json,793,2,26,売上原価,649,,,
gokaku,応用情報 合格教本 令和08年,data/gokaku/index-793.json,793,2,27,売上弧利益,649,,,
gokaku,応用情報 合格教本 令和08年,data/gokaku/index-793.json,793,2,28,運用監視随号リスト,476,,,
gokaku,応用情報 合格教本 令和08年,data/gokaku/index-793.json,793,2,29,エージング方式 ……………:,245,,,
gokaku,応用情報 合格教本 令和08年,data/gokaku/index-793.json,793,1,34,エスケープ向理,468,,,
gokaku,応用情報 合格教本 令和08年,data/gokaku/index-793.json,793,1,37,エミュレータ,265,,,
gokaku,応用情報 合格教本 令和08年,data/gokaku/index-793.json,793,1,39,エラー訂正待号,189,,,
gokaku,応用情報 合格教本 令和08年,data/gokaku/index-793.json,793,1,40,エルガマル哨号,443,,,
gokaku,応用情報 合格教本 令和08年,data/gokaku/index-793.json,793,1,41,演算装置,134,,,
gokaku,応用情報 合格教本 令和08年,data/gokaku/index-793.json,793,1,43,エンベローブ暗号化,443,,,
gokaku,応用情報 合格教本 令和08年,data/gokaku/index-793.json,793,1,50,オープン API,624,,,
gokaku,応用情報 合格教本 令和08年,data/gokaku/index-793.json,793,1,53,オープンリゾソルバ,470,,,
gokaku,応用情報 合格教本 令和08年,data/gokaku/index-793.json,793,2,58,オプトイン,665,,,
gokaku,応用情報 合格教本 令和08年,data/gokaku/index-793.json,793,2,62,陳みつきグラフ,45,,,
gokaku,応用情報 合格教本 令和08年,data/gokaku/index-793.json,793,2,63,親言語方式,310,,,
gokaku,応用情報 合格教本 令和08年,data/gokaku/index-793.json,793,2,64,オンプレミス,609,,,
gokaku,応用情報 合格教本 令和08年,data/gokaku/index-793.json,793,2,66,カーソル興理,333,,,
gokaku,応用情報 合格教本 令和08年,data/gokaku/index-793.json,793,2,67,カーネル,238.239,,,
gokaku,応用情報 合格教本 令和08年,data/gokaku/index-793.json,793,2,69,mn,"103,256,348",,,
gokaku,応用情報 合格教本 令和08年,data/gokaku/index-793.json,793,2,70,回帰係数,56,,,
gokaku,応用情報 合格教本 令和08年,data/gokaku/index-793.json,793,2,71,回放テスト,502.535,,,
gokaku,応用情報 合格教本 令和08年,data/gokaku/index-793.json,793,2,72,回才夫院型,525,,,
gokaku,応用情報 合格教本 令和08年,data/gokaku/index-793.json,793,2,73,回収期間法,605,,,
gokaku,応用情報 合格教本 令和08年,data/gokaku/index-793.json,793,2,74,階層型データベース,290,,,
gokaku,応用情報 合格教本 令和08年,data/gokaku/index-793.json,793,2,75,隊層モデル,290,,,
gokaku,応用情報 合格教本 令和08年,data/gokaku/index-793.json,793,2,76,概念スキーマーー……・ら,91.292,,,
gokaku,応用情報 合格教本 令和08年,data/gokaku/index-793.json,793,2,77,WAF—IEF IV,288,,,
gokaku,応用情報 合格教本 令和08年,data/gokaku/index-793.json,793,2,78,開発規模と開発工数の関係,566,,,
gokaku,応用情報 合格教本 令和08年,data/gokaku/index-793.json,793,2,79,外部クロック,148,,,
gokaku,応用情報 合格教本 令和08年,data/gokaku/index-793.json,793,2,81,外部割込か,140,,,
gokaku,応用情報 合格教本 令和08年,data/gokaku/index-793.json,793,2,82,改良挿入法,94,,,
gokaku,応用情報 合格教本 令和08年,data/gokaku/index-794.json,794,1,2,人給スキーマ,298,,,
gokaku,応用情報 合格教本 令和08年,data/gokaku/index-794.json,794,1,3,iio,335,,,
gokaku,応用情報 合格教本 令和08年,data/gokaku/index-794.json,794,1,4,PROUT,7,,,
gokaku,応用情報 合格教本 令和08年,data/gokaku/index-794.json,794,1,5,只知,757,,,
gokaku,応用情報 合格教本 令和08年,data/gokaku/index-794.json,794,1,6,FRESH,36,,,
gokaku,応用情報 合格教本 令和08年,data/gokaku/index-794.json,794,1,7,23 LIC,125,,,
gokaku,応用情報 合格教本 令和08年,data/gokaku/index-794.json,794,1,8,GIB? KUA:,259,,,
gokaku,応用情報 合格教本 令和08年,data/gokaku/index-794.json,794,1,9,人投条,193,,,
gokaku,応用情報 合格教本 令和08年,data/gokaku/index-794.json,794,1,10,所憎方葉,58,,,
gokaku,応用情報 合格教本 令和08年,data/gokaku/index-794.json,794,1,11,IO,199,,,
gokaku,応用情報 合格教本 令和08年,data/gokaku/index-794.json,794,1,12,GERD SEER «ooo,0-631,,,
gokaku,応用情報 合格教本 令和08年,data/gokaku/index-794.json,794,1,13,EWDER:,"555,557,558",,,
gokaku,応用情報 合格教本 令和08年,data/gokaku/index-794.json,794,1,14,id,301,,,
gokaku,応用情報 合格教本 令和08年,data/gokaku/index-794.json,794,1,15,ae,214215216,,,
gokaku,応用情報 合格教本 令和08年,data/gokaku/index-794.json,794,1,17,ガバナンス電営グループ,603,,,
gokaku,応用情報 合格教本 令和08年,data/gokaku/index-794.json,794,1,18,カバレージ,269,,,
gokaku,応用情報 合格教本 令和08年,data/gokaku/index-794.json,794,1,20,TREAT:,2500,,,
gokaku,応用情報 合格教本 令和08年,data/gokaku/index-794.json,794,1,21,TERT:,258,,,
gokaku,応用情報 合格教本 令和08年,data/gokaku/index-794.json,794,1,22,TRAST:,258,,,
gokaku,応用情報 合格教本 令和08年,data/gokaku/index-794.json,794,1,23,Fat,"214,960.463",,,
gokaku,応用情報 合格教本 令和08年,data/gokaku/index-794.json,794,1,24,1 Ls,292,,,
gokaku,応用情報 合格教本 令和08年,data/gokaku/index-794.json,794,1,27,用価基準,478,,,
gokaku,応用情報 合格教本 令和08年,data/gokaku/index-794.json,794,1,28,ial,307,,,
gokaku,応用情報 合格教本 令和08年,data/gokaku/index-794.json,794,1,29,代数,307,,,
gokaku,応用情報 合格教本 令和08年,data/gokaku/index-794.json,794,1,30,関係データベース,890296,,,
gokaku,応用情報 合格教本 令和08年,data/gokaku/index-794.json,794,2,31,葉凍,580.588,,,
gokaku,応用情報 合格教本 令和08年,data/gokaku/index-794.json,794,2,32,Seas,579580,,,
gokaku,応用情報 合格教本 令和08年,data/gokaku/index-794.json,794,2,33,完成時予算],5681,,,
gokaku,応用情報 合格教本 令和08年,data/gokaku/index-794.json,794,2,34,BBP KLAN,137,,,
gokaku,応用情報 合格教本 令和08年,data/gokaku/index-794.json,794,2,35,完全化保き,659,,,
gokaku,応用情報 合格教本 令和08年,data/gokaku/index-794.json,794,2,36,"SMG,","300,301",,,
gokaku,応用情報 合格教本 令和08年,data/gokaku/index-794.json,794,2,37,完全グラフ,28,,,
gokaku,応用情報 合格教本 令和08年,data/gokaku/index-794.json,794,2,38,完全人笑ドメイン名,407,,,
gokaku,応用情報 合格教本 令和08年,data/gokaku/index-794.json,794,2,39,完全性,463,,,
gokaku,応用情報 合格教本 令和08年,data/gokaku/index-794.json,794,2,40,RENEE,317,,,
gokaku,応用情報 合格教本 令和08年,data/gokaku/index-794.json,794,2,42,co,293,,,
gokaku,応用情報 合格教本 令和08年,data/gokaku/index-794.json,794,2,43,perce wmv,2,,,
gokaku,応用情報 合格教本 令和08年,data/gokaku/index-794.json,794,2,45,キーレンジ分割方,348,,,
gokaku,応用情報 合格教本 令和08年,data/gokaku/index-794.json,794,2,46,キーロガ,465,,,
gokaku,応用情報 合格教本 令和08年,data/gokaku/index-794.json,794,2,47,記憶,152,,,
gokaku,応用情報 合格教本 令和08年,data/gokaku/index-794.json,794,2,48,Rite,239255,,,
gokaku,応用情報 合格教本 令和08年,data/gokaku/index-794.json,794,2,49,記憎スキーマ,292,,,
gokaku,応用情報 合格教本 令和08年,data/gokaku/index-794.json,794,2,50,RF xy DBD,1400,,,
gokaku,応用情報 合格教本 令和08年,data/gokaku/index-794.json,794,2,51,企画プロセス ],652,,,
gokaku,応用情報 合格教本 令和08年,data/gokaku/index-794.json,794,2,52,298:,338,,,
gokaku,応用情報 合格教本 令和08年,data/gokaku/index-794.json,794,2,53,‘sr,631,,,
gokaku,応用情報 合格教本 令和08年,data/gokaku/index-794.json,794,2,54,sie,631,,,
gokaku,応用情報 合格教本 令和08年,data/gokaku/index-794.json,794,2,55,拉和 9 感,468,,,
gokaku,応用情報 合格教本 令和08年,data/gokaku/index-794.json,794,2,56,拉術の 8 カーブ,631,,,
gokaku,応用情報 合格教本 令和08年,data/gokaku/index-794.json,794,2,57,saree,301,,,
gokaku,応用情報 合格教本 令和08年,data/gokaku/index-794.json,794,2,58,信和請負,666,,,
gokaku,応用情報 合格教本 令和08年,data/gokaku/index-794.json,794,2,59,期待価,24.638,,,
gokaku,応用情報 合格教本 令和08年,data/gokaku/index-794.json,794,2,60,期待人原理,633,,,
gokaku,応用情報 合格教本 令和08年,data/gokaku/index-794.json,794,1,61,BE,515,,,
gokaku,応用情報 合格教本 令和08年,data/gokaku/index-794.json,794,1,62,ME cccerrccisein,338,,,
gokaku,応用情報 合格教本 令和08年,data/gokaku/index-794.json,794,1,63,BELIZI,134,,,
gokaku,応用情報 合格教本 令和08年,data/gokaku/index-794.json,794,1,64,島田,602,,,
gokaku,応用情報 合格教本 令和08年,data/gokaku/index-794.json,794,1,65,人情報,602,,,
gokaku,応用情報 合格教本 令和08年,data/gokaku/index-794.json,794,1,66,機能の記述,125,,,
gokaku,応用情報 合格教本 令和08年,data/gokaku/index-794.json,794,1,67,cet,654,,,
gokaku,応用情報 合格教本 令和08年,data/gokaku/index-794.json,794,1,69,IONE o-oo,15,,,
gokaku,応用情報 合格教本 令和08年,data/gokaku/index-794.json,794,1,71,華人,476,,,
gokaku,応用情報 合格教本 令和08年,data/gokaku/index-794.json,794,1,72,BRI eee,6.65,,,
gokaku,応用情報 合格教本 令和08年,data/gokaku/index-794.json,794,1,73,aie,408,,,
gokaku,応用情報 合格教本 令和08年,data/gokaku/index-794.json,794,1,74,逆ポーランド表記 ……-S8,81,,,
gokaku,応用情報 合格教本 令和08年,data/gokaku/index-794.json,794,1,75,池ポーランド表誠法,37,,,
gokaku,応用情報 合格教本 令和08年,data/gokaku/index-794.json,794,1,76,キャッシュサ,409,,,
gokaku,応用情報 合格教本 令和08年,data/gokaku/index-794.json,794,1,77,Fey Y2,70-645,,,
gokaku,応用情報 合格教本 令和08年,data/gokaku/index-794.json,794,1,82,キャプティブ価析路,617,,,
gokaku,応用情報 合格教本 令和08年,data/gokaku/index-794.json,794,1,83,キュ,798081,,,
gokaku,応用情報 合格教本 令和08年,data/gokaku/index-794.json,794,1,84,maar,476,,,
gokaku,応用情報 合格教本 令和08年,data/gokaku/index-794.json,794,1,86,Saad,67,,,
gokaku,応用情報 合格教本 令和08年,data/gokaku/index-794.json,794,1,87,教師あり学習,5467,,,
gokaku,応用情報 合格教本 令和08年,data/gokaku/index-794.json,794,1,88,wie,295,,,
gokaku,応用情報 合格教本 令和08年,data/gokaku/index-794.json,794,1,89,Rov LPB,67,,,
gokaku,応用情報 合格教本 令和08年,data/gokaku/index-794.json,794,1,90,sae CR),"69,70",,,
gokaku,応用情報 合格教本 令和08年,data/gokaku/index-794.json,794,1,91,折半,806381,,,
gokaku,応用情報 合格教本 令和08年,data/gokaku/index-794.json,794,1,92,SURMISE,441.442,,,
gokaku,応用情報 合格教本 令和08年,data/gokaku/index-794.json,794,1,93,RESP,520521,,,
gokaku,応用情報 合格教本 令和08年,data/gokaku/index-794.json,794,1,94,和合,524,,,
gokaku,応用情報 合格教本 令和08年,data/gokaku/index-794.json,794,1,95,骨子,476,,,
gokaku,応用情報 合格教本 令和08年,data/gokaku/index-794.json,794,1,96,性タイブー覧,476,,,
gokaku,応用情報 合格教本 令和08年,data/gokaku/index-794.json,794,1,97,共通人価システム,476,,,
gokaku,応用情報 合格教本 令和08年,data/gokaku/index-794.json,794,1,98,共通セキュリティ設定一覧,476,,,
gokaku,応用情報 合格教本 令和08年,data/gokaku/index-794.json,794,1,99,共通パス,148,,,
gokaku,応用情報 合格教本 令和08年,data/gokaku/index-794.json,794,1,100,SOBRE,322,,,
gokaku,応用情報 合格教本 令和08年,data/gokaku/index-795.json,795,2,1,業務改善,606,,,
gokaku,応用情報 合格教本 令和08年,data/gokaku/index-795.json,795,2,2,IRIBANBL eee,602,,,
gokaku,応用情報 合格教本 令和08年,data/gokaku/index-795.json,795,2,3,REBIO AOA,608,,,
gokaku,応用情報 合格教本 令和08年,data/gokaku/index-795.json,795,2,4,業務モデル,600.601.85,,,
gokaku,応用情報 合格教本 令和08年,data/gokaku/index-795.json,795,2,5,電信メモリ,151,,,
gokaku,応用情報 合格教本 令和08年,data/gokaku/index-795.json,795,2,6,共有メモリ,248,,,
gokaku,応用情報 合格教本 令和08年,data/gokaku/index-795.json,795,2,7,共有ロック :,398,,,
gokaku,応用情報 合格教本 令和08年,data/gokaku/index-795.json,795,2,8,‘Hit,6586,,,
gokaku,応用情報 合格教本 令和08年,data/gokaku/index-795.json,795,2,9,Baty,131,,,
gokaku,応用情報 合格教本 令和08年,data/gokaku/index-795.json,795,2,10,切 D 記し,578,,,
gokaku,応用情報 合格教本 令和08年,data/gokaku/index-795.json,795,2,11,果人保守,658,,,
gokaku,応用情報 合格教本 令和08年,data/gokaku/index-795.json,795,2,13,全集合,1620,,,
gokaku,応用情報 合格教本 令和08年,data/gokaku/index-795.json,795,2,14,仙人了期間,215,,,
gokaku,応用情報 合格教本 令和08年,data/gokaku/index-795.json,795,2,16,BIR Beer,28,,,
gokaku,応用情報 合格教本 令和08年,data/gokaku/index-795.json,795,2,17,matt,46,,,
gokaku,応用情報 合格教本 令和08年,data/gokaku/index-795.json,795,2,18,Bev,120,,,
gokaku,応用情報 合格教本 令和08年,data/gokaku/index-795.json,795,2,19,D354 PY HEBER,457,,,
gokaku,応用情報 合格教本 令和08年,data/gokaku/index-795.json,795,2,20,25477 NEE,457,,,
gokaku,応用情報 合格教本 令和08年,data/gokaku/index-797.json,797,1,1,WR? KLARA,137,,,
gokaku,応用情報 合格教本 令和08年,data/gokaku/index-797.json,797,1,2,掲代レジスタ,194,,,
gokaku,応用情報 合格教本 令和08年,data/gokaku/index-797.json,797,1,4,次ペッダ,397.398,,,
gokaku,応用情報 合格教本 令和08年,data/gokaku/index-797.json,797,2,10,me,307,,,
gokaku,応用情報 合格教本 令和08年,data/gokaku/index-797.json,797,2,11,BIT 1T4,295,,,
gokaku,応用情報 合格教本 令和08年,data/gokaku/index-797.json,797,2,12,本人,95,,,
gokaku,応用情報 合格教本 令和08年,data/gokaku/index-797.json,797,2,13,ジャクソン法,580.528,,,
gokaku,応用情報 合格教本 令和08年,data/gokaku/index-797.json,797,2,15,シャド,478,,,
gokaku,応用情報 合格教本 令和08年,data/gokaku/index-797.json,797,2,16,we,16,,,
gokaku,応用情報 合格教本 令和08年,data/gokaku/index-797.json,797,2,17,集合,"20,308,321",,,
gokaku,応用情報 合格教本 令和08年,data/gokaku/index-797.json,797,2,18,FEMME eee,48,,,
gokaku,応用情報 合格教本 令和08年,data/gokaku/index-797.json,797,2,19,人中 A0 理システム,172.173,,,
gokaku,応用情報 合格教本 令和08年,data/gokaku/index-797.json,797,2,20,SREPHBEB,810.611,,,
gokaku,応用情報 合格教本 令和08年,data/gokaku/index-797.json,797,2,22,MID A,516,,,
gokaku,応用情報 合格教本 令和08年,data/gokaku/index-797.json,797,2,23,AT “RBI,569,,,
gokaku,応用情報 合格教本 令和08年,data/gokaku/index-797.json,797,2,24,187-87,563,,,
gokaku,応用情報 合格教本 令和08年,data/gokaku/index-797.json,797,2,25,E0ehO,180.152,,,
gokaku,応用情報 合格教本 令和08年,data/gokaku/index-797.json,797,2,26,enmE:,183,,,
gokaku,応用情報 合格教本 令和08年,data/gokaku/index-797.json,797,2,27,分析,67.70,,,
gokaku,応用情報 合格教本 令和08年,data/gokaku/index-797.json,797,2,28,RRB UGNE,617,,,
gokaku,応用情報 合格教本 令和08年,data/gokaku/index-797.json,797,2,29,REEE,572,,,
gokaku,応用情報 合格教本 令和08年,data/gokaku/index-797.json,797,2,30,REE,666,,,
gokaku,応用情報 合格教本 令和08年,data/gokaku/index-797.json,797,2,31,MOTI,26,,,
gokaku,応用情報 合格教本 令和08年,data/gokaku/index-797.json,797,2,32,BEMHRAGA,637,,,
gokaku,応用情報 合格教本 令和08年,data/gokaku/index-797.json,797,2,33,eM I7,778,,,
gokaku,応用情報 合格教本 令和08年,data/gokaku/index-797.json,797,2,34,MUA,76,,,
gokaku,応用情報 合格教本 令和08年,data/gokaku/index-797.json,797,2,35,IRB:,574,,,
gokaku,応用情報 合格教本 令和08年,data/gokaku/index-797.json,797,2,36,VFR,184,,,
gokaku,応用情報 合格教本 令和08年,data/gokaku/index-797.json,797,2,37,IIR 0000000000000,82.97,,,
gokaku,応用情報 合格教本 令和08年,data/gokaku/index-797.json,797,2,38,es,29,,,
gokaku,応用情報 合格教本 令和08年,data/gokaku/index-797.json,797,2,39,ins,"120,124",,,
gokaku,応用情報 合格教本 令和08年,data/gokaku/index-797.json,797,2,40,REPRE ooo,635,,,
gokaku,応用情報 合格教本 令和08年,data/gokaku/index-797.json,797,2,41,RUZ oo,473,,,
gokaku,応用情報 合格教本 令和08年,data/gokaku/index-797.json,797,2,42,年コード,526,,,
gokaku,応用情報 合格教本 令和08年,data/gokaku/index-797.json,797,2,43,"RAEN,",574,,,
gokaku,応用情報 合格教本 令和08年,data/gokaku/index-798.json,798,1,1,PRION OHM,349,,,
gokaku,応用情報 合格教本 令和08年,data/gokaku/index-798.json,798,1,2,Der a ae,622,,,
gokaku,応用情報 合格教本 令和08年,data/gokaku/index-798.json,798,1,3,FACIE:,48,,,
gokaku,応用情報 合格教本 令和08年,data/gokaku/index-798.json,798,1,4,条仙人理誰,28,,,
gokaku,応用情報 合格教本 令和08年,data/gokaku/index-798.json,798,1,5,AX: se,17.18.19,,,
gokaku,応用情報 合格教本 令和08年,data/gokaku/index-798.json,798,1,6,SAP,"527,530,531",,,
gokaku,応用情報 合格教本 令和08年,data/gokaku/index-798.json,798,1,7,ESOT,36,,,
gokaku,応用情報 合格教本 令和08年,data/gokaku/index-798.json,798,1,8,‘erate,658,,,
gokaku,応用情報 合格教本 令和08年,data/gokaku/index-798.json,798,1,9,RIE:,51,,,
gokaku,応用情報 合格教本 令和08年,data/gokaku/index-798.json,798,1,10,WES,519,,,
gokaku,応用情報 合格教本 令和08年,data/gokaku/index-798.json,798,1,11,完了性,495,,,
gokaku,応用情報 合格教本 令和08年,data/gokaku/index-798.json,798,1,12,REL,540,,,
gokaku,応用情報 合格教本 令和08年,data/gokaku/index-798.json,798,1,13,消失,643,,,
gokaku,応用情報 合格教本 令和08年,data/gokaku/index-798.json,798,1,14,BRIER eee,14,,,
gokaku,応用情報 合格教本 令和08年,data/gokaku/index-798.json,798,1,15,WED: mm,8,,,
gokaku,応用情報 合格教本 令和08年,data/gokaku/index-798.json,798,1,16,BRE 2 bs,354,,,
gokaku,応用情報 合格教本 令和08年,data/gokaku/index-798.json,798,1,17,WERT een,84,,,
gokaku,応用情報 合格教本 令和08年,data/gokaku/index-798.json,798,1,18,情報システム化基本計画,600,,,
gokaku,応用情報 合格教本 令和08年,data/gokaku/index-798.json,798,1,19,情報システム化計画,600,,,
gokaku,応用情報 合格教本 令和08年,data/gokaku/index-798.json,798,1,20,情報セキュリティ管理革準,578,,,
gokaku,応用情報 合格教本 令和08年,data/gokaku/index-798.json,798,1,21,情報,600,,,
gokaku,応用情報 合格教本 令和08年,data/gokaku/index-798.json,798,1,22,情報,657,,,
gokaku,応用情報 合格教本 令和08年,data/gokaku/index-798.json,798,1,23,情報,22,,,
gokaku,応用情報 合格教本 令和08年,data/gokaku/index-798.json,798,1,24,TERRE,605,,,
gokaku,応用情報 合格教本 令和08年,data/gokaku/index-798.json,798,1,25,失効リスト,455,,,
gokaku,応用情報 合格教本 令和08年,data/gokaku/index-798.json,798,1,26,補了有,215,,,
gokaku,応用情報 合格教本 令和08年,data/gokaku/index-798.json,798,1,28,Daw,239,,,
gokaku,応用情報 合格教本 令和08年,data/gokaku/index-798.json,798,1,30,ジョフ制,299,,,
gokaku,応用情報 合格教本 令和08年,data/gokaku/index-798.json,798,1,31,sR Cy 7,563,,,
gokaku,応用情報 合格教本 令和08年,data/gokaku/index-798.json,798,1,32,SOBRE,244.248,,,
gokaku,応用情報 合格教本 令和08年,data/gokaku/index-798.json,798,1,36,BRAT A,381,,,
gokaku,応用情報 合格教本 令和08年,data/gokaku/index-798.json,798,1,37,SILOTET IL,498,,,
gokaku,応用情報 合格教本 令和08年,data/gokaku/index-798.json,798,2,39,真正性ーードード,488,,,
gokaku,応用情報 合格教本 令和08年,data/gokaku/index-798.json,798,2,40,TTY,463,,,
gokaku,応用情報 合格教本 令和08年,data/gokaku/index-798.json,798,2,41,河和,616,,,
gokaku,応用情報 合格教本 令和08年,data/gokaku/index-798.json,798,2,42,人検知システム,481,,,
gokaku,応用情報 合格教本 令和08年,data/gokaku/index-798.json,798,2,43,倒和防上システム,261,,,
gokaku,応用情報 合格教本 令和08年,data/gokaku/index-798.json,798,2,44,DIDI,62,,,
gokaku,応用情報 合格教本 令和08年,data/gokaku/index-798.json,798,2,45,MORETL,607,,,
gokaku,応用情報 合格教本 令和08年,data/gokaku/index-798.json,798,2,46,BUBBRE,"16,300",,,
gokaku,応用情報 合格教本 令和08年,data/gokaku/index-798.json,798,2,47,シンフレックス法,696.837,,,
gokaku,応用情報 合格教本 令和08年,data/gokaku/index-798.json,798,2,49,mE),69.70,,,
gokaku,応用情報 合格教本 令和08年,data/gokaku/index-798.json,798,2,50,(BARE oo,214.463.658,,,
gokaku,応用情報 合格教本 令和08年,data/gokaku/index-798.json,798,2,51,SRERRETIL,536,,,
gokaku,応用情報 合格教本 令和08年,data/gokaku/index-798.json,798,2,52,CT,121,,,
gokaku,応用情報 合格教本 令和08年,data/gokaku/index-798.json,798,2,53,尾数,752.758,,,
gokaku,応用情報 合格教本 令和08年,data/gokaku/index-798.json,798,2,54,新浴理モデル,507,,,
gokaku,応用情報 合格教本 令和08年,data/gokaku/index-798.json,798,2,55,BOER eee,642,,,
gokaku,応用情報 合格教本 令和08年,data/gokaku/index-798.json,798,2,56,PEAER eo,49.635,,,
gokaku,応用情報 合格教本 令和08年,data/gokaku/index-798.json,798,2,57,METH ees,"48,635",,,
gokaku,応用情報 合格教本 令和08年,data/gokaku/index-798.json,798,2,58,‘EIGEOBIRRIENE,"301,904",,,
gokaku,応用情報 合格教本 令和08年,data/gokaku/index-798.json,798,2,59,sie,301,,,
gokaku,応用情報 合格教本 令和08年,data/gokaku/index-798.json,798,2,60,MERMRBUZ bo,476,,,
gokaku,応用情報 合格教本 令和08年,data/gokaku/index-798.json,798,2,61,BUA,174.175,,,
gokaku,応用情報 合格教本 令和08年,data/gokaku/index-798.json,798,2,62,BEAT:,202,,,
gokaku,応用情報 合格教本 令和08年,data/gokaku/index-798.json,798,2,63,D8,349,,,
gokaku,応用情報 合格教本 令和08年,data/gokaku/index-798.json,798,2,65,江角化,614,,,
gokaku,応用情報 合格教本 令和08年,data/gokaku/index-798.json,798,2,66,当分,174,,,
gokaku,応用情報 合格教本 令和08年,data/gokaku/index-798.json,798,2,68,水半スケール,208,,,
gokaku,応用情報 合格教本 令和08年,data/gokaku/index-798.json,798,2,69,ATER ee,17,,,
gokaku,応用情報 合格教本 令和08年,data/gokaku/index-798.json,798,2,70,XTDB,349,,,
gokaku,応用情報 合格教本 令和08年,data/gokaku/index-798.json,798,2,71,sean,301,,,
gokaku,応用情報 合格教本 令和08年,data/gokaku/index-798.json,798,2,72,数分,62,,,
gokaku,応用情報 合格教本 令和08年,data/gokaku/index-798.json,798,2,78,スーパイブライン方式,141,,,
gokaku,応用情報 合格教本 令和08年,data/gokaku/index-798.json,798,2,79,スキーマ,291,,,
gokaku,応用情報 合格教本 令和08年,data/gokaku/index-798.json,798,2,80,スキミング休科,616,,,
gokaku,応用情報 合格教本 令和08年,data/gokaku/index-798.json,798,2,83,スクラム …… の,500,,,
gokaku,応用情報 合格教本 令和08年,data/gokaku/index-798.json,798,1,90,273—WBR,569,,,
gokaku,応用情報 合格教本 令和08年,data/gokaku/index-798.json,798,1,92,スコーブ,557,,,
gokaku,応用情報 合格教本 令和08年,data/gokaku/index-798.json,798,1,93,スコープ人,557,,,
gokaku,応用情報 合格教本 令和08年,data/gokaku/index-798.json,798,1,95,スコープタリーブ,779,,,
gokaku,応用情報 合格教本 令和08年,data/gokaku/index-798.json,798,1,96,スコーブプの管理,555.557,,,
gokaku,応用情報 合格教本 令和08年,data/gokaku/index-798.json,798,1,97,スコープの定義,555.557,,,
gokaku,応用情報 合格教本 令和08年,data/gokaku/index-798.json,798,1,98,スコープマネジメント,557,,,
gokaku,応用情報 合格教本 令和08年,data/gokaku/index-798.json,798,1,100,スタック可攻撃,469,,,
gokaku,応用情報 合格教本 令和08年,data/gokaku/index-798.json,798,1,103,2IF4 TBD,127,,,
gokaku,応用情報 合格教本 令和08年,data/gokaku/index-798.json,798,1,108,RITES,524,,,
gokaku,応用情報 合格教本 令和08年,data/gokaku/index-798.json,798,1,109,ステージング環電,585.574,,,
gokaku,応用情報 合格教本 令和08年,data/gokaku/index-798.json,798,1,113,"RF VEIE-9,",131,,,
gokaku,応用情報 合格教本 令和08年,data/gokaku/index-798.json,798,1,114,ZF WABI,417,,,
gokaku,応用情報 合格教本 令和08年,data/gokaku/index-798.json,798,1,118,ストリーミング方式,158,,,
gokaku,応用情報 合格教本 令和08年,data/gokaku/index-798.json,798,1,119,Aru Lia:,442,,,
gokaku,応用情報 合格教本 令和08年,data/gokaku/index-798.json,798,1,120,ARL— SRR:,193,,,
gokaku,応用情報 合格教本 令和08年,data/gokaku/index-798.json,798,1,121,ストレージ帳生化,193,,,
gokaku,応用情報 合格教本 令和08年,data/gokaku/index-799.json,799,2,2,2R-TAR:,156,,,
gokaku,応用情報 合格教本 令和08年,data/gokaku/index-799.json,799,2,5,スパムメール ],471,,,
gokaku,応用情報 合格教本 令和08年,data/gokaku/index-799.json,799,2,7,スプーリング,289,,,
gokaku,応用情報 合格教本 令和08年,data/gokaku/index-799.json,799,2,12,スペシャルファイル,273,,,
gokaku,応用情報 合格教本 令和08年,data/gokaku/index-799.json,799,2,14,スマーフ政還,470,,,
gokaku,応用情報 合格教本 令和08年,data/gokaku/index-799.json,799,2,15,スミッシング,469,,,
gokaku,応用情報 合格教本 令和08年,data/gokaku/index-799.json,799,2,16,"2542,",355,,,
gokaku,応用情報 合格教本 令和08年,data/gokaku/index-799.json,799,2,17,BBYYII eee,263,,,
gokaku,応用情報 合格教本 令和08年,data/gokaku/index-799.json,799,2,21,スワップアウト,258,,,
gokaku,応用情報 合格教本 令和08年,data/gokaku/index-799.json,799,2,22,スワッフイン,258,,,
gokaku,応用情報 合格教本 令和08年,data/gokaku/index-799.json,799,2,23,民果物レビュ,540,,,
gokaku,応用情報 合格教本 令和08年,data/gokaku/index-799.json,799,2,24,EAR:,"302,305",,,
gokaku,応用情報 合格教本 令和08年,data/gokaku/index-799.json,799,2,25,pst,88,,,
gokaku,応用情報 合格教本 令和08年,data/gokaku/index-799.json,799,2,26,ERR,"31,93.98.39",,,
gokaku,応用情報 合格教本 令和08年,data/gokaku/index-799.json,799,2,27,Ea,53.54,,,
gokaku,応用情報 合格教本 令和08年,data/gokaku/index-799.json,799,2,28,EE,56,,,
gokaku,応用情報 合格教本 令和08年,data/gokaku/index-799.json,799,2,29,waIA3¥ 9:,80,,,
gokaku,応用情報 合格教本 令和08年,data/gokaku/index-799.json,799,2,30,wane,134,,,
gokaku,応用情報 合格教本 令和08年,data/gokaku/index-799.json,799,2,31,制半ハザード,142,,,
gokaku,応用情報 合格教本 令和08年,data/gokaku/index-799.json,799,2,32,OW AFA beers,592,,,
gokaku,応用情報 合格教本 令和08年,data/gokaku/index-799.json,799,2,33,wa70—B1,506,,,
gokaku,応用情報 合格教本 令和08年,data/gokaku/index-799.json,799,2,34,抽半プログラム,238,,,
gokaku,応用情報 合格教本 令和08年,data/gokaku/index-799.json,799,2,35,£88 / BREE,251,,,
gokaku,応用情報 合格教本 令和08年,data/gokaku/index-799.json,799,2,36,ERROR eee,49,,,
gokaku,応用情報 合格教本 令和08年,data/gokaku/index-799.json,799,2,37,es,663,,,
gokaku,応用情報 合格教本 令和08年,data/gokaku/index-799.json,799,2,38,EAE:,70,,,
gokaku,応用情報 合格教本 令和08年,data/gokaku/index-799.json,799,2,39,TERN DI -s000eereseeeeres,64,,,
gokaku,応用情報 合格教本 令和08年,data/gokaku/index-799.json,799,2,40,下 M グラフラ,48,,,
gokaku,応用情報 合格教本 令和08年,data/gokaku/index-799.json,799,1,41,mem IL,268,,,
gokaku,応用情報 合格教本 令和08年,data/gokaku/index-799.json,799,1,43,ee,103,,,
gokaku,応用情報 合格教本 令和08年,data/gokaku/index-799.json,799,1,44,人 03 人先方式,225,,,
gokaku,応用情報 合格教本 令和08年,data/gokaku/index-799.json,799,1,45,遂 9 ライブラリ,267,,,
gokaku,応用情報 合格教本 令和08年,data/gokaku/index-799.json,799,1,46,‘REE:,351,,,
gokaku,応用情報 合格教本 令和08年,data/gokaku/index-799.json,799,1,47,es aI,649,,,
gokaku,応用情報 合格教本 令和08年,data/gokaku/index-799.json,799,1,48,表二征,450,,,
gokaku,応用情報 合格教本 令和08年,data/gokaku/index-799.json,799,1,49,0g,773,,,
gokaku,応用情報 合格教本 令和08年,data/gokaku/index-799.json,799,1,50,セーブポイント 、,344,,,
gokaku,応用情報 合格教本 令和08年,data/gokaku/index-799.json,799,1,52,員人分担家,599,,,
gokaku,応用情報 合格教本 令和08年,data/gokaku/index-799.json,799,1,56,ER ーー… フ,58.758,,,
gokaku,応用情報 合格教本 令和08年,data/gokaku/index-799.json,799,1,59,セション属,374,,,
gokaku,応用情報 合格教本 令和08年,data/gokaku/index-799.json,799,1,60,Em 軒,570,,,
gokaku,応用情報 合格教本 令和08年,data/gokaku/index-799.json,799,1,61,昌保,659,,,
gokaku,応用情報 合格教本 令和08年,data/gokaku/index-799.json,799,1,62,se,43,,,
gokaku,応用情報 合格教本 令和08年,data/gokaku/index-799.json,799,1,63,SOP KU ANE,137,,,
gokaku,応用情報 合格教本 令和08年,data/gokaku/index-799.json,799,1,64,IERIE een,63,,,
gokaku,応用情報 合格教本 令和08年,data/gokaku/index-799.json,799,1,65,WEFAN,534,,,
gokaku,応用情報 合格教本 令和08年,data/gokaku/index-799.json,799,1,67,ゼネラルセマフォ,251,,,
gokaku,応用情報 合格教本 令和08年,data/gokaku/index-799.json,799,1,68,セマフォ,108.250.251,,,
gokaku,応用情報 合格教本 令和08年,data/gokaku/index-799.json,799,1,72,BL I9F vRNA,160,,,
gokaku,応用情報 合格教本 令和08年,data/gokaku/index-799.json,799,1,73,HOT:,468,,,
gokaku,応用情報 合格教本 令和08年,data/gokaku/index-799.json,799,1,75,270,123,,,
gokaku,応用情報 合格教本 令和08年,data/gokaku/index-799.json,799,1,76,sae,55.67,,,
gokaku,応用情報 合格教本 令和08年,data/gokaku/index-799.json,799,1,77,oA,61,,,
gokaku,応用情報 合格教本 令和08年,data/gokaku/index-799.json,799,1,78,sweat:,636,,,
gokaku,応用情報 合格教本 令和08年,data/gokaku/index-799.json,799,1,79,GRRE eee,89.90,,,
gokaku,応用情報 合格教本 令和08年,data/gokaku/index-799.json,799,1,80,IBRUA Reeser,76,,,
gokaku,応用情報 合格教本 令和08年,data/gokaku/index-799.json,799,1,81,Se,84,,,
gokaku,応用情報 合格教本 令和08年,data/gokaku/index-799.json,799,1,83,PIRI ee,602,,,
gokaku,応用情報 合格教本 令和08年,data/gokaku/index-799.json,799,2,84,SARE,611,,,
gokaku,応用情報 合格教本 令和08年,data/gokaku/index-799.json,799,2,85,前方性,445,,,
gokaku,応用情報 合格教本 令和08年,data/gokaku/index-799.json,799,2,86,BZ 7:,619,,,
gokaku,応用情報 合格教本 令和08年,data/gokaku/index-799.json,799,2,87,MIB TRI AY bee,604,,,
gokaku,応用情報 合格教本 令和08年,data/gokaku/index-799.json,799,2,88,BSED RE,467,,,
gokaku,応用情報 合格教本 令和08年,data/gokaku/index-799.json,799,2,89,sam7 2b,533,,,
gokaku,応用情報 合格教本 令和08年,data/gokaku/index-799.json,799,2,90,相関人数,57,,,
gokaku,応用情報 合格教本 令和08年,data/gokaku/index-799.json,799,2,91,合せ,320,,,
gokaku,応用情報 合格教本 令和08年,data/gokaku/index-799.json,799,2,92,相関名,318,,,
gokaku,応用情報 合格教本 令和08年,data/gokaku/index-799.json,799,2,93,AER,0677,,,
gokaku,応用情報 合格教本 令和08年,data/gokaku/index-799.json,799,2,94,SBR REE,"471,491",,,
gokaku,応用情報 合格教本 令和08年,data/gokaku/index-799.json,799,2,95,JON KUARER,137,,,
gokaku,応用情報 合格教本 令和08年,data/gokaku/index-799.json,799,2,96,押入 ……………m,4,,,
gokaku,応用情報 合格教本 令和08年,data/gokaku/index-799.json,799,2,97,ARERR ooo,69,,,
gokaku,応用情報 合格教本 令和08年,data/gokaku/index-799.json,799,2,98,$B AB,272,,,
gokaku,応用情報 合格教本 令和08年,data/gokaku/index-799.json,799,2,100,BBR ooo,648,,,
gokaku,応用情報 合格教本 令和08年,data/gokaku/index-799.json,799,2,101,HORIEXEU,181,,,
gokaku,応用情報 合格教本 令和08年,data/gokaku/index-799.json,799,2,103,BAIUII,76,,,
gokaku,応用情報 合格教本 令和08年,data/gokaku/index-799.json,799,2,105,ツート,94,,,
gokaku,応用情報 合格教本 令和08年,data/gokaku/index-799.json,799,2,106,Joey ee,72,,,
gokaku,応用情報 合格教本 令和08年,data/gokaku/index-799.json,799,2,107,ソーン,407,,,
gokaku,応用情報 合格教本 令和08年,data/gokaku/index-799.json,799,2,108,Yo:,747,,,
gokaku,応用情報 合格教本 令和08年,data/gokaku/index-799.json,799,2,109,OBR ooo,247,,,
gokaku,応用情報 合格教本 令和08年,data/gokaku/index-802.json,802,2,2,AND,26,,,
gokaku,応用情報 合格教本 令和08年,data/gokaku/index-802.json,802,2,3,バーセプトロン,68,,,
gokaku,応用情報 合格教本 令和08年,data/gokaku/index-802.json,802,2,8,NBO TPE,125,,,
gokaku,応用情報 合格教本 令和08年,data/gokaku/index-802.json,802,2,12,バイオメトリクス語ほ,480,,,
gokaku,応用情報 合格教本 令和08年,data/gokaku/index-802.json,802,2,13,eee,"340,344",,,
gokaku,応用情報 合格教本 令和08年,data/gokaku/index-802.json,802,2,14,sete,"249,250",,,
gokaku,応用情報 合格教本 令和08年,data/gokaku/index-802.json,802,2,15,sMOCOHREORF,"120,123",,,
gokaku,応用情報 合格教本 令和08年,data/gokaku/index-802.json,802,2,16,Rem,125,,,
gokaku,応用情報 合格教本 令和08年,data/gokaku/index-802.json,802,2,17,DA IRI 2000,"1897,138",,,
gokaku,応用情報 合格教本 令和08年,data/gokaku/index-802.json,802,1,18,ルイ 0 イザ,194,,,
gokaku,応用情報 合格教本 令和08年,data/gokaku/index-802.json,802,1,19,DATO HRA,194,,,
gokaku,応用情報 合格教本 令和08年,data/gokaku/index-802.json,802,1,21,aR,47,,,
gokaku,応用情報 合格教本 令和08年,data/gokaku/index-802.json,802,1,23,IZ,249,,,
gokaku,応用情報 合格教本 令和08年,data/gokaku/index-802.json,802,1,24,ハイブサイクル,631,,,
gokaku,応用情報 合格教本 令和08年,data/gokaku/index-802.json,802,1,25,バイブライン,249,,,
gokaku,応用情報 合格教本 令和08年,data/gokaku/index-802.json,802,1,26,WADIA YORE,0-143,,,
gokaku,応用情報 合格教本 令和08年,data/gokaku/index-802.json,802,1,31,バイロット移入式,574,,,
gokaku,応用情報 合格教本 令和08年,data/gokaku/index-802.json,802,1,32,JAZ,469,,,
gokaku,応用情報 合格教本 令和08年,data/gokaku/index-802.json,802,1,34,提出し法,"65,68",,,
gokaku,応用情報 合格教本 令和08年,data/gokaku/index-802.json,802,1,35,JRE,537,,,
gokaku,応用情報 合格教本 令和08年,data/gokaku/index-802.json,802,1,36,NOBLE,538,,,
gokaku,応用情報 合格教本 令和08年,data/gokaku/index-802.json,802,1,37,バケット,378,,,
gokaku,応用情報 合格教本 令和08年,data/gokaku/index-802.json,802,1,38,Jory BSB,376,,,
gokaku,応用情報 合格教本 令和08年,data/gokaku/index-802.json,802,1,40,it,666,,,
gokaku,応用情報 合格教本 令和08年,data/gokaku/index-802.json,802,1,44,バススヌープ,156,,,
gokaku,応用情報 合格教本 令和08年,data/gokaku/index-802.json,802,1,45,VAs Zee,215,,,
gokaku,応用情報 合格教本 令和08年,data/gokaku/index-802.json,802,1,46,バスパワ,162,,,
gokaku,応用情報 合格教本 令和08年,data/gokaku/index-802.json,802,1,50,バスワード委方式,448,,,
gokaku,応用情報 合格教本 令和08年,data/gokaku/index-802.json,802,1,52,派生,549,,,
gokaku,応用情報 合格教本 令和08年,data/gokaku/index-802.json,802,1,53,派まクラス :,515,,,
gokaku,応用情報 合格教本 令和08年,data/gokaku/index-803.json,803,2,1,バッシブ方式,685,,,
gokaku,応用情報 合格教本 令和08年,data/gokaku/index-803.json,803,2,3,バッシュ結合,351,,,
gokaku,応用情報 合格教本 令和08年,data/gokaku/index-803.json,803,2,5,ハッシュ貧,90.447,,,
gokaku,応用情報 合格教本 令和08年,data/gokaku/index-803.json,803,2,6,ハッシュダ害方,348,,,
gokaku,応用情報 合格教本 令和08年,data/gokaku/index-803.json,803,2,7,FESR,464,,,
gokaku,応用情報 合格教本 令和08年,data/gokaku/index-803.json,803,2,9,ハニーポット,481,,,
gokaku,応用情報 合格教本 令和08年,data/gokaku/index-803.json,803,2,10,BRIER:,81.84,,,
gokaku,応用情報 合格教本 令和08年,data/gokaku/index-803.json,803,2,12,ハフマン本,85,,,
gokaku,応用情報 合格教本 令和08年,data/gokaku/index-803.json,803,2,13,NIP BBG,24.25,,,
gokaku,応用情報 合格教本 令和08年,data/gokaku/index-803.json,803,2,15,MDa bere,94,,,
gokaku,応用情報 合格教本 令和08年,data/gokaku/index-803.json,803,2,17,ASIDE:,42,,,
gokaku,応用情報 合格教本 令和08年,data/gokaku/index-803.json,803,2,18,ハミング符号,"27,189",,,
gokaku,応用情報 合格教本 令和08年,data/gokaku/index-803.json,803,2,20,バラレル ATA,168,,,
gokaku,応用情報 合格教本 令和08年,data/gokaku/index-803.json,803,2,23,バランス本,87,,,
gokaku,応用情報 合格教本 令和08年,data/gokaku/index-803.json,803,2,28,バリューチェーン分新,615,,,
gokaku,応用情報 合格教本 令和08年,data/gokaku/index-803.json,803,2,30,7 ルクストリーム転送,161,,,
gokaku,応用情報 合格教本 令和08年,data/gokaku/index-803.json,803,2,31,JO,161,,,
gokaku,応用情報 合格教本 令和08年,data/gokaku/index-803.json,803,2,32,7 シネーション,70,,,
gokaku,応用情報 合格教本 令和08年,data/gokaku/index-803.json,803,2,33,J OLA SER,28,,,
gokaku,応用情報 合格教本 令和08年,data/gokaku/index-803.json,803,2,34,バレート時,695,,,
gokaku,応用情報 合格教本 令和08年,data/gokaku/index-803.json,803,2,36,ワーゲーティング,127,,,
gokaku,応用情報 合格教本 令和08年,data/gokaku/index-803.json,803,2,37,REO,615,,,
gokaku,応用情報 合格教本 令和08年,data/gokaku/index-803.json,803,2,38,Mt,516518,,,
gokaku,応用情報 合格教本 令和08年,data/gokaku/index-803.json,803,2,39,"en,",128.183,,,
gokaku,応用情報 合格教本 令和08年,data/gokaku/index-803.json,803,2,40,st: sees,74,,,
gokaku,応用情報 合格教本 令和08年,data/gokaku/index-803.json,803,2,41,SM — ERR,516,,,
gokaku,応用情報 合格教本 令和08年,data/gokaku/index-803.json,803,2,43,SORE: seers,87,,,
gokaku,応用情報 合格教本 令和08年,data/gokaku/index-803.json,803,1,44,a om,386,,,
gokaku,応用情報 合格教本 令和08年,data/gokaku/index-803.json,803,1,45,‘WIR ABRE:,527530.531,,,
gokaku,応用情報 合格教本 令和08年,data/gokaku/index-803.json,803,1,46,as pos,8,,,
gokaku,応用情報 合格教本 令和08年,data/gokaku/index-803.json,803,1,47,外因レジスタ,184,,,
gokaku,応用情報 合格教本 令和08年,data/gokaku/index-803.json,803,1,48,ENULLSIS,"290,326",,,
gokaku,応用情報 合格教本 令和08年,data/gokaku/index-803.json,803,1,49,ピアレビュ,540,,,
gokaku,応用情報 合格教本 令和08年,data/gokaku/index-803.json,803,1,52,ae,77,,,
gokaku,応用情報 合格教本 令和08年,data/gokaku/index-803.json,803,1,53,te,486,,,
gokaku,応用情報 合格教本 令和08年,data/gokaku/index-803.json,803,1,54,ee,298,,,
gokaku,応用情報 合格教本 令和08年,data/gokaku/index-803.json,803,1,56,ビジネスメール証散,470,,,
gokaku,応用情報 合格教本 令和08年,data/gokaku/index-803.json,803,1,59,BRIER Gere,305,,,
gokaku,応用情報 合格教本 令和08年,data/gokaku/index-803.json,803,1,60,PETEIRIE eee eeeeeee,302,,,
gokaku,応用情報 合格教本 令和08年,data/gokaku/index-803.json,803,1,61,pM TZ bY,535,,,
gokaku,応用情報 合格教本 令和08年,data/gokaku/index-803.json,803,1,62,me po,87,,,
gokaku,応用情報 合格教本 令和08年,data/gokaku/index-803.json,803,1,63,EAE,317,,,
gokaku,応用情報 合格教本 令和08年,data/gokaku/index-803.json,803,1,64,ピックエンディアン,138,,,
gokaku,応用情報 合格教本 令和08年,data/gokaku/index-803.json,803,1,67,ey MaDe:,745,,,
gokaku,応用情報 合格教本 令和08年,data/gokaku/index-803.json,803,1,68,ビットの反転,20,,,
gokaku,応用情報 合格教本 令和08年,data/gokaku/index-803.json,803,1,69,ey hey past,256,,,
gokaku,応用情報 合格教本 令和08年,data/gokaku/index-803.json,803,1,70,"ey he,",153,,,
gokaku,応用情報 合格教本 令和08年,data/gokaku/index-803.json,803,1,71,BERMWRF,"120,123",,,
gokaku,応用情報 合格教本 令和08年,data/gokaku/index-803.json,803,1,72,ers,452,,,
gokaku,応用情報 合格教本 令和08年,data/gokaku/index-803.json,803,1,73,EMEP:,466,,,
gokaku,応用情報 合格教本 令和08年,data/gokaku/index-803.json,803,2,74,表喜コード,526,,,
gokaku,応用情報 合格教本 令和08年,data/gokaku/index-803.json,803,2,75,RE se,311,,,
gokaku,応用情報 合格教本 令和08年,data/gokaku/index-803.json,803,2,76,EER,53,,,
gokaku,応用情報 合格教本 令和08年,data/gokaku/index-803.json,803,2,78,a a,51.52,,,
gokaku,応用情報 合格教本 令和08年,data/gokaku/index-803.json,803,2,79,mone:,470,,,
gokaku,応用情報 合格教本 令和08年,data/gokaku/index-803.json,803,2,80,RONEN x—L,468,,,
gokaku,応用情報 合格教本 令和08年,data/gokaku/index-803.json,803,2,81,me,52,,,
gokaku,応用情報 合格教本 令和08年,data/gokaku/index-803.json,803,2,82,MER Gee,28,,,
gokaku,応用情報 合格教本 令和08年,data/gokaku/index-803.json,803,2,83,ERIE,"28,128",,,
gokaku,応用情報 合格教本 令和08年,data/gokaku/index-803.json,803,2,84,mxett:,54,,,
gokaku,応用情報 合格教本 令和08年,data/gokaku/index-803.json,803,2,85,林本平約,54,,,
gokaku,応用情報 合格教本 令和08年,data/gokaku/index-803.json,803,2,86,人特性,658,,,
gokaku,応用情報 合格教本 令和08年,data/gokaku/index-803.json,803,2,87,art:,654,,,
gokaku,応用情報 合格教本 令和08年,data/gokaku/index-803.json,803,2,91,DPAF24,29611,,,
gokaku,応用情報 合格教本 令和08年,data/gokaku/index-803.json,803,2,94,ファイルレス衝軸,471,,,
gokaku,応用情報 合格教本 令和08年,data/gokaku/index-803.json,803,2,100,ファズ mm,535,,,
gokaku,応用情報 合格教本 令和08年,data/gokaku/index-803.json,803,2,104,ファンクション押,176,,,
gokaku,応用情報 合格教本 令和08年,data/gokaku/index-803.json,803,2,108,フィードリック抽人,130,,,
gokaku,応用情報 合格教本 令和08年,data/gokaku/index-803.json,803,2,109,24-8249— KBB,130,,,
gokaku,応用情報 合格教本 令和08年,data/gokaku/index-803.json,803,2,111,フィット 8 ギャップ分析,601,,,
gokaku,応用情報 合格教本 令和08年,data/gokaku/index-803.json,803,2,112,Ne,458.459,,,
gokaku,応用情報 合格教本 令和08年,data/gokaku/index-803.json,803,2,114,プール化,193,,,
gokaku,応用情報 合格教本 令和08年,data/gokaku/index-804.json,804,1,2,フォアキャスティング ……… ひ,608,,,
gokaku,応用情報 合格教本 令和08年,data/gokaku/index-804.json,804,1,7,フォワードブロキシ,459,,,
gokaku,応用情報 合格教本 令和08年,data/gokaku/index-804.json,804,1,8,不詳,447,,,
gokaku,応用情報 合格教本 令和08年,data/gokaku/index-804.json,804,1,9,REMI,41.81.84,,,
gokaku,応用情報 合格教本 令和08年,data/gokaku/index-804.json,804,1,10,PRI IAS 0,185,,,
gokaku,応用情報 合格教本 令和08年,data/gokaku/index-804.json,804,1,11,AHMET,187,,,
gokaku,応用情報 合格教本 令和08年,data/gokaku/index-804.json,804,1,12,BR,754,,,
gokaku,応用情報 合格教本 令和08年,data/gokaku/index-804.json,804,1,13,BEAT Y DR,00847,,,
gokaku,応用情報 合格教本 令和08年,data/gokaku/index-804.json,804,1,14,往きキ,299,,,
gokaku,応用情報 合格教本 令和08年,data/gokaku/index-804.json,804,1,15,mene PHBM,"527,530,532",,,
gokaku,応用情報 合格教本 令和08年,data/gokaku/index-804.json,804,1,16,REE E,351,,,
gokaku,応用情報 合格教本 令和08年,data/gokaku/index-804.json,804,1,17,SRN SMI,349,,,
gokaku,応用情報 合格教本 令和08年,data/gokaku/index-804.json,804,1,18,ming,"313,320",,,
gokaku,応用情報 合格教本 令和08年,data/gokaku/index-804.json,804,1,19,AEP bARIbiE,665,,,
gokaku,応用情報 合格教本 令和08年,data/gokaku/index-804.json,804,1,20,正雪防上法,663,,,
gokaku,応用情報 合格教本 令和08年,data/gokaku/index-804.json,804,1,24,フッシュ配誠,405,,,
gokaku,応用情報 合格教本 令和08年,data/gokaku/index-804.json,804,1,26,ERE,288.291,,,
gokaku,応用情報 合格教本 令和08年,data/gokaku/index-804.json,804,1,27,物理データ独立性,292,,,
gokaku,応用情報 合格教本 令和08年,data/gokaku/index-804.json,804,1,28,BRET,483,,,
gokaku,応用情報 合格教本 令和08年,data/gokaku/index-804.json,804,1,29,BBG,574,,,
gokaku,応用情報 合格教本 令和08年,data/gokaku/index-804.json,804,1,30,ABAABURRGEIE «,"300,301",,,
gokaku,応用情報 合格教本 令和08年,data/gokaku/index-804.json,804,1,31,部分クララス …………… い,516,,,
gokaku,応用情報 合格教本 令和08年,data/gokaku/index-804.json,804,1,32,部人集合,16,,,
gokaku,応用情報 合格教本 令和08年,data/gokaku/index-804.json,804,1,33,J34 234 =Y WB,617,,,
gokaku,応用情報 合格教本 令和08年,data/gokaku/index-804.json,804,1,34,see,"391,393,398",,,
gokaku,応用情報 合格教本 令和08年,data/gokaku/index-804.json,804,2,35,プラグクアンドブレイ,161.240,,,
gokaku,応用情報 合格教本 令和08年,data/gokaku/index-804.json,804,2,37,フラグレジスタ,134,,,
gokaku,応用情報 合格教本 令和08年,data/gokaku/index-804.json,804,2,42,プラットフォーム交 …… ひ,503,,,
gokaku,応用情報 合格教本 令和08年,data/gokaku/index-804.json,804,2,44,352 Kem:,617,,,
gokaku,応用情報 合格教本 令和08年,data/gokaku/index-804.json,804,2,46,DUEYIF,4-242244,,,
gokaku,応用情報 合格教本 令和08年,data/gokaku/index-804.json,804,2,50,DUPE F th,150,,,
gokaku,応用情報 合格教本 令和08年,data/gokaku/index-804.json,804,2,53,フルアソシアティブ方素,157,,,
gokaku,応用情報 合格教本 令和08年,data/gokaku/index-804.json,804,2,54,D4 VORB,632,,,
gokaku,応用情報 合格教本 令和08年,data/gokaku/index-804.json,804,2,56,フルーオーシャン違,611,,,
gokaku,応用情報 合格教本 令和08年,data/gokaku/index-804.json,804,2,57,ブルートフォース攻撃,467,,,
gokaku,応用情報 合格教本 令和08年,data/gokaku/index-804.json,804,2,58,pee,405,,,
gokaku,応用情報 合格教本 令和08年,data/gokaku/index-804.json,804,2,60,ーーree…eoev お,1,,,
gokaku,応用情報 合格教本 令和08年,data/gokaku/index-804.json,804,2,64,プレフィックス,394.397,,,
gokaku,応用情報 合格教本 令和08年,data/gokaku/index-804.json,804,2,65,フレフィックス表記,94,,,
gokaku,応用情報 合格教本 令和08年,data/gokaku/index-804.json,804,1,72,フログラム出方式,159,,,
gokaku,応用情報 合格教本 令和08年,data/gokaku/index-804.json,804,1,74,フログラム抽和み,140,,,
gokaku,応用情報 合格教本 令和08年,data/gokaku/index-804.json,804,1,78,フロセス 241,253.854.651,,,
gokaku,応用情報 合格教本 令和08年,data/gokaku/index-804.json,804,1,80,FoR ARB:,248,,,
gokaku,応用情報 合格教本 令和08年,data/gokaku/index-804.json,804,1,81,フロセスアプローチ,508,,,
gokaku,応用情報 合格教本 令和08年,data/gokaku/index-804.json,804,1,82,ZORA DME,508,,,
gokaku,応用情報 合格教本 令和08年,data/gokaku/index-804.json,804,1,88,Oy PRB eso,358,,,
gokaku,応用情報 合格教本 令和08年,data/gokaku/index-804.json,804,1,90,JORDY reese,375,,,
gokaku,応用情報 合格教本 令和08年,data/gokaku/index-804.json,804,1,91,ZO NIVES,"390,391",,,
gokaku,応用情報 合格教本 令和08年,data/gokaku/index-804.json,804,1,92,プロトタイプ,499,,,
gokaku,応用情報 合格教本 令和08年,data/gokaku/index-804.json,804,1,94,フロバイ外人拓法,665,,,
gokaku,応用情報 合格教本 令和08年,data/gokaku/index-804.json,804,1,95,プロリティグラフ,357,,,
gokaku,応用情報 合格教本 令和08年,data/gokaku/index-804.json,804,1,98,割法,95,,,
gokaku,応用情報 合格教本 令和08年,data/gokaku/index-804.json,804,1,99,分割に対する肖過人,349,,,
gokaku,応用情報 合格教本 令和08年,data/gokaku/index-804.json,804,1,100,UIE,148,,,
gokaku,応用情報 合格教本 令和08年,data/gokaku/index-804.json,804,1,101,SYRIA,"590,531",,,
gokaku,応用情報 合格教本 令和08年,data/gokaku/index-804.json,804,1,102,at,51.52,,,
gokaku,応用情報 合格教本 令和08年,data/gokaku/index-804.json,804,1,103,PRRLENEIET,359,,,
gokaku,応用情報 合格教本 令和08年,data/gokaku/index-804.json,804,1,104,PIERRE eo,350,,,
gokaku,応用情報 合格教本 令和08年,data/gokaku/index-804.json,804,1,105,前和理システム,173.174,,,
gokaku,応用情報 合格教本 令和08年,data/gokaku/index-805.json,805,2,1,分区志 Do 攻撃,470,,,
gokaku,応用情報 合格教本 令和08年,data/gokaku/index-805.json,805,2,2,a8,148,,,
gokaku,応用情報 合格教本 令和08年,data/gokaku/index-805.json,805,2,3,Bey,662,,,
gokaku,応用情報 合格教本 令和08年,data/gokaku/index-805.json,805,2,4,BRDIB eee,80,,,
gokaku,応用情報 合格教本 令和08年,data/gokaku/index-805.json,805,2,5,SAREE oo,2,,,
gokaku,応用情報 合格教本 令和08年,data/gokaku/index-805.json,805,2,6,REIOE,"31,.92.33.94",,,
gokaku,応用情報 合格教本 令和08年,data/gokaku/index-805.json,805,2,8,平間,806.207,,,
gokaku,応用情報 合格教本 令和08年,data/gokaku/index-805.json,805,2,9,Pom,648,,,
gokaku,応用情報 合格教本 令和08年,data/gokaku/index-805.json,805,2,10,PaO,214216,,,
gokaku,応用情報 合格教本 令和08年,data/gokaku/index-805.json,805,2,11,BY -EABMIEM,216,,,
gokaku,応用情報 合格教本 令和08年,data/gokaku/index-805.json,805,2,12,FPISY EAB,204,,,
gokaku,応用情報 合格教本 令和08年,data/gokaku/index-805.json,805,2,13,BU —EAR,204,,,
gokaku,応用情報 合格教本 令和08年,data/gokaku/index-805.json,805,2,14,See,214216,,,
gokaku,応用情報 合格教本 令和08年,data/gokaku/index-805.json,805,2,15,SPSSRBBBIE o-oo,208,,,
gokaku,応用情報 合格教本 令和08年,data/gokaku/index-805.json,805,2,16,PSEA,204,,,
gokaku,応用情報 合格教本 令和08年,data/gokaku/index-805.json,805,2,17,平素,04,,,
gokaku,応用情報 合格教本 令和08年,data/gokaku/index-805.json,805,2,18,平和ち行長,208,,,
gokaku,応用情報 合格教本 令和08年,data/gokaku/index-805.json,805,2,19,平和待ち計間,208,,,
gokaku,応用情報 合格教本 令和08年,data/gokaku/index-805.json,805,2,20,結実,197,,,
gokaku,応用情報 合格教本 令和08年,data/gokaku/index-805.json,805,2,21,行シミュレーション法,581,,,
gokaku,応用情報 合格教本 令和08年,data/gokaku/index-805.json,805,2,22,平和,207,,,
gokaku,応用情報 合格教本 令和08年,data/gokaku/index-805.json,805,2,23,SETHE,398,,,
gokaku,応用情報 合格教本 令和08年,data/gokaku/index-805.json,805,2,25,NAAM,69,,,
gokaku,応用情報 合格教本 令和08年,data/gokaku/index-805.json,805,2,26,ARR,48,,,
gokaku,応用情報 合格教本 令和08年,data/gokaku/index-805.json,805,2,28,7H seen,145,,,
gokaku,応用情報 合格教本 令和08年,data/gokaku/index-805.json,805,2,29,ars,4142,,,
gokaku,応用情報 合格教本 令和08年,data/gokaku/index-805.json,805,2,32,A-TMRAP WAAL,261,,,
gokaku,応用情報 合格教本 令和08年,data/gokaku/index-805.json,805,2,34,oe,140260268,,,
gokaku,応用情報 合格教本 令和08年,data/gokaku/index-805.json,805,2,35,ベージフォールト剖入み,260,,,
gokaku,応用情報 合格教本 令和08年,data/gokaku/index-805.json,805,2,36,ページングが率,259,,,
gokaku,応用情報 合格教本 令和08年,data/gokaku/index-805.json,805,2,37,ae,136.137,,,
gokaku,応用情報 合格教本 令和08年,data/gokaku/index-805.json,805,2,41,ROBB eeeeeeee,108,,,
gokaku,応用情報 合格教本 令和08年,data/gokaku/index-805.json,805,1,44,ペタバイト,192,,,
gokaku,応用情報 合格教本 令和08年,data/gokaku/index-805.json,805,1,46,ベトリネット較,518,,,
gokaku,応用情報 合格教本 令和08年,data/gokaku/index-805.json,805,1,47,ベネトレーション価格和,616,,,
gokaku,応用情報 合格教本 令和08年,data/gokaku/index-805.json,805,1,49,ベリファイカ,184,,,
gokaku,応用情報 合格教本 令和08年,data/gokaku/index-805.json,805,1,50,ベロシティ,501.778,,,
gokaku,応用情報 合格教本 令和08年,data/gokaku/index-805.json,805,1,51,er],508,,,
gokaku,応用情報 合格教本 令和08年,data/gokaku/index-805.json,805,1,52,aEue,573,,,
gokaku,応用情報 合格教本 令和08年,data/gokaku/index-805.json,805,1,53,変更会,573,,,
gokaku,応用情報 合格教本 令和08年,data/gokaku/index-805.json,805,1,54,EOE:,555.557,,,
gokaku,応用情報 合格教本 令和08年,data/gokaku/index-805.json,805,1,55,BEER,587.573,,,
gokaku,応用情報 合格教本 令和08年,data/gokaku/index-805.json,805,1,58,ペンチマーク,198,,,
gokaku,応用情報 合格教本 令和08年,data/gokaku/index-805.json,805,1,59,ポイス・コッド下提影,305,,,
gokaku,応用情報 合格教本 令和08年,data/gokaku/index-805.json,805,1,60,EB,623,,,
gokaku,応用情報 合格教本 令和08年,data/gokaku/index-805.json,805,1,62,NB,974.376,,,
gokaku,応用情報 合格教本 令和08年,data/gokaku/index-805.json,805,1,65,ホール素字,181,,,
gokaku,応用情報 合格教本 令和08年,data/gokaku/index-805.json,805,1,67,ane,52,,,
gokaku,応用情報 合格教本 令和08年,data/gokaku/index-805.json,805,1,68,人 3 性,"214,658",,,
gokaku,応用情報 合格教本 令和08年,data/gokaku/index-805.json,805,1,71,ホスト型 DS,461,,,
gokaku,応用情報 合格教本 令和08年,data/gokaku/index-805.json,805,1,72,TRA MRE:,194,,,
gokaku,応用情報 合格教本 令和08年,data/gokaku/index-805.json,805,1,73,TRA BEBE,332,,,
gokaku,応用情報 合格教本 令和08年,data/gokaku/index-805.json,805,1,74,sett,214,,,
gokaku,応用情報 合格教本 令和08年,data/gokaku/index-805.json,805,1,75,aero,476,,,
gokaku,応用情報 合格教本 令和08年,data/gokaku/index-805.json,805,1,76,ポット,"464,470",,,
kitami,キタミ式 令和08年,data/kitami/index-935.json,935,1,29,A/D変換,160,用語の読み取り候補が不一致,A/D变换,A/D変換
kitami,キタミ式 令和08年,data/kitami/index-935.json,935,1,30,ABC分析conconepascsnscascancapsco,849,用語の読み取り候補が不一致,ABC分析,ABC分析conconepascsnscascancapsco
kitami,キタミ式 令和08年,data/kitami/index-935.json,935,1,31,Accelerated GraphicsPort,258,用語の読み取り候補が不一致,Accelerated GraphicsPort,AcceleratedGraphicsPortTU
kitami,キタミ式 令和08年,data/kitami/index-935.json,935,1,32,accountability人,609,用語の読み取り候補が不一致,accountability,accountability人
kitami,キタミ式 令和08年,data/kitami/index-935.json,935,1,34,AddressResolutionProtocol,561,英字の用語が不鮮明 / ページ認識の確度,AddressResolutionProtocol,AddressResolutionProtocol
kitami,キタミ式 令和08年,data/kitami/index-935.json,935,1,35,AES,"512,660",英字の用語が不鮮明,AES,AESTTY
kitami,キタミ式 令和08年,data/kitami/index-935.json,935,1,36,AGP,258,英字の用語が不鮮明,AGP,AGPee
kitami,キタミ式 令和08年,data/kitami/index-935.json,935,1,39,ALU,167,英字の用語が不鮮明,ALU,ALU
kitami,キタミ式 令和08年,data/kitami/index-935.json,935,1,40,AMP,202,英字の用語が不鮮明 / ページ認識の確度 / 用語の読み取り候補が不一致,AMP,AMPeeceo
kitami,キタミ式 令和08年,data/kitami/index-935.json,935,1,41,AND,"56,141",英字の用語が不鮮明 / 用語の読み取り候補が不一致,AND,ANDancccacccsccanscscocescccemeccccca
kitami,キタミ式 令和08年,data/kitami/index-935.json,935,1,42,Application Specific Integrated C,158,補完した行を要確認,,Application Specific Integrated C
kitami,キタミ式 令和08年,data/kitami/index-935.json,935,1,44,Artificial Intelligence,600,用語の読み取り候補が不一致,Artificial Intelligence,ArtificialIntelligenceTI
kitami,キタミ式 令和08年,data/kitami/index-935.json,935,1,45,ASC,465,英字の用語が不鮮明,ASC,ASCTP
kitami,キタミ式 令和08年,data/kitami/index-935.json,935,1,46,ASCI,127,英字の用語が不鮮明 / 用語の読み取り候補が不一致,ASCI,ASCII
kitami,キタミ式 令和08年,data/kitami/index-935.json,935,1,47,ASCIIのコード表,126,用語の読み取り候補が不一致,AS表,ASCIIのコード表
kitami,キタミ式 令和08年,data/kitami/index-935.json,935,1,48,ASIC,158,英字の用語が不鮮明 / 用語の読み取り候補が不一致,ASIC,SI
kitami,キタミ式 令和08年,data/kitami/index-935.json,935,1,51,ATA,260,英字の用語が不鮮明,ATA,ATA
kitami,キタミ式 令和08年,data/kitami/index-935.json,935,1,52,ATM交换方式,506,用語の読み取り候補が不一致,ATM交换方式,ATM交
kitami,キタミ式 令和08年,data/kitami/index-935.json,935,2,1,AuthenticationHeader,663,英字の用語が不鮮明 / 用語の読み取り候補が不一致,AuthenticationHeader,AuthenticationHeaderee
kitami,キタミ式 令和08年,data/kitami/index-935.json,935,2,2,authenticity,609,英字の用語が不鮮明,authenticity,authenticity
kitami,キタミ式 令和08年,data/kitami/index-935.json,935,2,3,AVG,466,英字の用語が不鮮明,AVG,AVG
kitami,キタミ式 令和08年,data/kitami/index-935.json,935,2,5,B(バイト)TTYTTYTTTTTYTTYTYTTTTTYT,124,用語の読み取り候補が不一致,B(),B(バイト)TTYTTYTTTTTYTTYTYTTTTTYT
kitami,キタミ式 令和08年,data/kitami/index-935.json,935,2,8,BASIC,353,英字の用語が不鮮明 / 用語の読み取り候補が不一致,BASIC,BASICee
kitami,キタミ式 令和08年,data/kitami/index-935.json,935,2,9,BCC,588,英字の用語が不鮮明,BCC,BCCsee
kitami,キタミ式 令和08年,data/kitami/index-935.json,935,2,10,BCP,822,英字の用語が不鮮明,BCP,BCPor
kitami,キタミ式 令和08年,data/kitami/index-935.json,935,2,11,BehaviorMethod,635,英字の用語が不鮮明,BehaviorMethod,BehaviorMethod
kitami,キタミ式 令和08年,data/kitami/index-935.json,935,2,12,BETWEEN,462,英字の用語が不鮮明 / 用語の読み取り候補が不一致,BETWEEN,BETW
kitami,キタミ式 令和08年,data/kitami/index-935.json,935,2,14,bit,122,英字の用語が不鮮明 / 用語の読み取り候補が不一致,bit,bitevevveespeesewwnwes
kitami,キタミ式 令和08年,data/kitami/index-935.json,935,2,15,BitsPerSecond,508,英字の用語が不鮮明,BitsPerSecond,BitsPerSecond
kitami,キタミ式 令和08年,data/kitami/index-935.json,935,2,16,BIシステム,864,用語の読み取り候補が不一致,B么,BIシステム
kitami,キタミ式 令和08年,data/kitami/index-935.json,935,2,18,Bluetooth,264,英字の用語が不鮮明,Bluetooth,Bluetooth
kitami,キタミ式 令和08年,data/kitami/index-935.json,935,2,19,BNF記法,116,用語の読み取り候補が不一致,BNF配法,BNF記法
kitami,キタミ式 令和08年,data/kitami/index-935.json,935,2,20,BPO,866,英字の用語が不鮮明 / 用語の読み取り候補が不一致,BPO,BPOwonece:
kitami,キタミ式 令和08年,data/kitami/index-935.json,935,2,21,sdq,508,英字の用語が不鮮明,sdq,bpsee
kitami,キタミ式 令和08年,data/kitami/index-935.json,935,2,22,BusinessCon,822,英字の用語が不鮮明,BusinessCon,BusinessCon
kitami,キタミ式 令和08年,data/kitami/index-935.json,935,2,23,BusinessIntelligence,864,英字の用語が不鮮明 / 用語の読み取り候補が不一致,BusinessIntelligence,BusinessIntelligenceav
kitami,キタミ式 令和08年,data/kitami/index-935.json,935,2,24,Business Process Outsourcing,866,ページ認識の確度,Business Process Outsourcing,BusinessProcessOutsourcing
kitami,キタミ式 令和08年,data/kitami/index-935.json,935,2,25,Byte,122,英字の用語が不鮮明 / 用語の読み取り候補が不一致,Byte,ByteSOeROAROOROSEDERERRERERESSEORRURERERORREREDERD
kitami,キタミ式 令和08年,data/kitami/index-935.json,935,2,28,CapabilityMaturityModel Integration,069,ページ認識の確度 / 用語の読み取り候補が不一致,CapabilityMaturityModel Integration,CapabilityMaturityModelIntegrati
kitami,キタミ式 令和08年,data/kitami/index-935.json,935,2,29,CAPTCHA,628,英字の用語が不鮮明,CAPTCHA,CAPTCHA
kitami,キタミ式 令和08年,data/kitami/index-935.json,935,2,32,CC,588,用語の読み取り候補が不一致,CC,CCaeons:
kitami,キタミ式 令和08年,data/kitami/index-935.json,935,2,33,CCD,268,英字の用語が不鮮明,CCD,cco
kitami,キタミ式 令和08年,data/kitami/index-935.json,935,2,35,CEO,861,英字の用語が不鮮明,CEO,CEOee
kitami,キタミ式 令和08年,data/kitami/index-935.json,935,2,36,CertificationAuthority,658,英字の用語が不鮮明,CertificationAuthority,CertificationAuthority
kitami,キタミ式 令和08年,data/kitami/index-935.json,935,2,37,CGI,581,英字の用語が不鮮明,CGI,CGIee
kitami,キタミ式 令和08年,data/kitami/index-935.json,935,2,38,CGM,583,英字の用語が不鮮明,CGM,CGMTTY
kitami,キタミ式 令和08年,data/kitami/index-935.json,935,2,40,CharacterUserInterface,707,英字の用語が不鮮明,CharacterUserInterface,CharacterUserInterface
kitami,キタミ式 令和08年,data/kitami/index-935.json,935,2,41,ChargeCoupled Device,268,用語の読み取り候補が不一致,ChargeCoupled Device,ChargeCoupledDevic
kitami,キタミ式 令和08年,data/kitami/index-935.json,935,2,42,Cheif Information Security Office:,861,補完した行を要確認,,Cheif Information Security Office:
kitami,キタミ式 令和08年,data/kitami/index-935.json,935,2,43,ChiefExecutiveOfficer,861,英字の用語が不鮮明 / 用語の読み取り候補が不一致,ChiefExecutiveOfficer,ChiefExecutiveOfficerwmvevvep
kitami,キタミ式 令和08年,data/kitami/index-935.json,935,2,44,ChiefInformationOfficer,861,英字の用語が不鮮明,ChiefInformationOfficer,ChiefInformationOfficer
kitami,キタミ式 令和08年,data/kitami/index-935.json,935,2,45,CIDR,556,英字の用語が不鮮明 / 用語の読み取り候補が不一致,CIDR,CIORMITT
kitami,キタミ式 令和08年,data/kitami/index-935.json,935,2,46,CIO,861,英字の用語が不鮮明,CIO,cloee
kitami,キタミ式 令和08年,data/kitami/index-935.json,935,2,47,CISC,200,英字の用語が不鮮明 / 用語の読み取り候補が不一致,CISC,CISCposes
kitami,キタミ式 令和08年,data/kitami/index-935.json,935,2,48,CISO,861,英字の用語が不鮮明,CISO,CISO
kitami,キタミ式 令和08年,data/kitami/index-935.json,935,2,49,Classless Inter-Domain Routing,556,用語の読み取り候補が不一致,Classless Inter-Domain Routing,ClasslessInter-DomainRoutingCTT
kitami,キタミ式 令和08年,data/kitami/index-935.json,935,2,50,Clockcycles PerInstruction,190,用語の読み取り候補が不一致,Clockcycles PerInstruction,ClockcyclesPerInstructionee
kitami,キタミ式 令和08年,data/kitami/index-935.json,935,2,51,CMMI,690,英字の用語が不鮮明,CMMI,CMMI
kitami,キタミ式 令和08年,data/kitami/index-935.json,935,2,52,COBOL,353,英字の用語が不鮮明 / 用語の読み取り候補が不一致,COBOL,COBOLOLD
kitami,キタミ式 令和08年,data/kitami/index-935.json,935,2,53,CommonGatewayInterface,581,英字の用語が不鮮明,CommonGatewayInterface,CommonGatewayInterface
kitami,キタミ式 令和08年,data/kitami/index-935.json,935,2,54,ComplexInstructionSetComputer,200,英字の用語が不鮮明,ComplexInstructionSetComputer,ComplexInstructionSetComputer
kitami,キタミ式 令和08年,data/kitami/index-935.json,935,2,55,ConsumerGenerated Media,583,用語の読み取り候補が不一致,ConsumerGenerated Media,ConsumerGeneratedMediadev
kitami,キタミ式 令和08年,data/kitami/index-936.json,936,1,1,CPI,"187,190",用語の読み取り候補が不一致,CPI,CPIvance:
kitami,キタミ式 令和08年,data/kitami/index-936.json,936,1,2,cps,275,ページ認識の確度,cps,cpser
kitami,キタミ式 令和08年,data/kitami/index-936.json,936,1,4,CPUの高速化技術,195,用語の読み取り候補が不一致,CPUの高速化技,CPUの高速化技術
kitami,キタミ式 令和08年,data/kitami/index-936.json,936,1,5,olin,187,補完した行を要確認 / 英字の用語が不鮮明,,olin
kitami,キタミ式 令和08年,data/kitami/index-936.json,936,1,7,CREATETABLE文,478,ページ認識の確度,CREATETABLE文,CREATETABLE文
kitami,キタミ式 令和08年,data/kitami/index-936.json,936,1,11,CRTディスプレイ,271,用語の読み取り候補が不一致,CRT,CRTディスプレイ
kitami,キタミ式 令和08年,data/kitami/index-936.json,936,1,14,CUI,707,用語の読み取り候補が不一致,CUI,CUIoooeoeoeaeeaeeaeo
kitami,キタミ式 令和08年,data/kitami/index-936.json,936,1,15,CustomerRelationshipManagement,80,ページ認識の確度 / 用語の読み取り候補が不一致,CustomerRelationshipManagement,CustomerRelationshipManageme
kitami,キタミ式 令和08年,data/kitami/index-936.json,936,1,16,CyclicRedundancyCheck,539,用語の読み取り候補が不一致,CyclicRedundancyCheck,CyclicRedundancyCheckcna
kitami,キタミ式 令和08年,data/kitami/index-936.json,936,1,18,DA変換,160,用語の読み取り候補が不一致,D/A变换,DA変換
kitami,キタミ式 令和08年,data/kitami/index-936.json,936,1,19,DAT,332,用語の読み取り候補が不一致,DAT,DATconcovcccacsenscunacsccacccccsansea
kitami,キタミ式 令和08年,data/kitami/index-936.json,936,1,21,Data Manipulation Language,457,用語の読み取り候補が不一致,Data Manipulation Language,DataManipulationLanguag
kitami,キタミ式 令和08年,data/kitami/index-936.json,936,1,24,DDoS攻撃,625,用語の読み取り候補が不一致,DDoS攻擎,DDoS攻撃
kitami,キタミ式 令和08年,data/kitami/index-936.json,936,1,27,DenialofService攻撃,625,用語の読み取り候補が不一致,DenialofService玫擎,DenialofService攻撃
kitami,キタミ式 令和08年,data/kitami/index-936.json,936,1,28,DES,660,用語の読み取り候補が不一致,DES,DESTTYT
kitami,キタミ式 令和08年,data/kitami/index-936.json,936,1,29,DESC,465,用語の読み取り候補が不一致,DESC,DOESCee
kitami,キタミ式 令和08年,data/kitami/index-936.json,936,1,31,DHCP,562,ページ認識の確度 / 用語の読み取り候補が不一致,DHCP,DHCPee
kitami,キタミ式 令和08年,data/kitami/index-936.json,936,1,33,DHCPDISCOVER,563,用語の読み取り候補が不一致,DHCPDISCOVER,OHCPDISCOVER
kitami,キタミ式 令和08年,data/kitami/index-936.json,936,1,34,DHCPOFFER,563,用語の読み取り候補が不一致,DHCPOFFER,DHCPOFFERaasasasamee
kitami,キタミ式 令和08年,data/kitami/index-936.json,936,1,35,DHCPREQUEST,563,用語の読み取り候補が不一致,DHCPREQUEST,OHCPREQUEST
kitami,キタミ式 令和08年,data/kitami/index-936.json,936,1,36,DirectMemoryAccess制御方式,254,用語の読み取り候補が不一致,DirectMemoryAccess制御方式,DirectMemoryAccessMBAR
kitami,キタミ式 令和08年,data/kitami/index-936.json,936,1,37,DISTINCT,463,用語の読み取り候補が不一致,DISTINCT,OISTINCTS)seeO
kitami,キタミ式 令和08年,data/kitami/index-936.json,936,1,38,DistributedDenialofService攻,625,用語の読み取り候補が不一致,Distributed DenialofService攻攀,DistributedDenialofService攻
kitami,キタミ式 令和08年,data/kitami/index-936.json,936,1,39,DMAコントローラ,255,用語の読み取り候補が不一致,DMA,DMAコントローラ
kitami,キタミ式 令和08年,data/kitami/index-936.json,936,1,43,DNSSEC,625,用語の読み取り候補が不一致,DNSSEC,DNSSECee
kitami,キタミ式 令和08年,data/kitami/index-936.json,936,1,44,DNSキャッシュポイズニング,625,用語の読み取り候補が不一致,DNS,DNSキャッシュポイズニング
kitami,キタミ式 令和08年,data/kitami/index-936.json,936,1,46,Domain Name System,565,用語の読み取り候補が不一致,Domain Name System,DomainNameSystemences:
kitami,キタミ式 令和08年,data/kitami/index-936.json,936,1,47,DoS攻撃,625,用語の読み取り候補が不一致,DoS攻,DoS攻撃
kitami,キタミ式 令和08年,data/kitami/index-936.json,936,1,51,DynamicAddress Translator,332,用語の読み取り候補が不一致,DynamicAddress Translator,DynamicAddressTranslatoree
kitami,キタミ式 令和08年,data/kitami/index-936.json,936,1,52,DynamicHost ConfigurationProtocol,562,用語の読み取り候補が不一致,DynamicHost ConfigurationProtocol,DynamicHostConfigurationProto
kitami,キタミ式 令和08年,data/kitami/index-936.json,936,2,1,EBCDIC,127,ページ認識の確度,EBCDIC,EBCDIC
kitami,キタミ式 令和08年,data/kitami/index-936.json,936,2,3,ECCメモ!,541,用語に記号が混入,ECCXEU,ECCメモ!
kitami,キタミ式 令和08年,data/kitami/index-936.json,936,2,4,EO!,"869,870",用語の読み取り候補が不一致 / 用語に記号が混入,EO!,EO!asnensacansqnensy
kitami,キタミ式 令和08年,data/kitami/index-936.json,936,2,10,EncapsulatingSecurityPayload,663,ページ認識の確度,EncapsulatingSecurityPayload,EncapsulatingSecurityPayload
kitami,キタミ式 令和08年,data/kitami/index-936.json,936,2,13,E-R図,"699,702",用語の読み取り候補が不一致,E-R,E-R図
kitami,キタミ式 令和08年,data/kitami/index-936.json,936,2,14,ESP,663,ページ認識の確度,ESP,ESP
kitami,キタミ式 令和08年,data/kitami/index-936.json,936,2,15,ESSID,513,英字の用語が不鮮明,,ESSID
kitami,キタミ式 令和08年,data/kitami/index-936.json,936,2,18,EXISTS,473,用語の読み取り候補が不一致,EXISTS,EXISTSee
kitami,キタミ式 令和08年,data/kitami/index-936.json,936,2,21,FDM方式,276,用語の読み取り候補が不一致,FDM方式,FOMAX
kitami,キタミ式 令和08年,data/kitami/index-936.json,936,2,22,Field ProgrammableGateArray,158,ページ認識の確度,Field ProgrammableGateArray,FieldProgrammableGateArray
kitami,キタミ式 令和08年,data/kitami/index-936.json,936,2,24,File TransferProtocol,573,用語の読み取り候補が不一致,File TransferProtocol,FileTransferProtocoler
kitami,キタミ式 令和08年,data/kitami/index-936.json,936,2,32,Graphical User Interface,707,補完した行を要確認,,Graphical User Interface
kitami,キタミ式 令和08年,data/kitami/index-936.json,936,2,33,GROUPBY句,467,用語の読み取り候補が不一致,GROUPBY句,GROUPBY®)
kitami,キタミ式 令和08年,data/kitami/index-936.json,936,2,35,HAVING句,468,用語の読み取り候補が不一致,HAVING句,HAVING®)
kitami,キタミ式 令和08年,data/kitami/index-936.json,936,2,39,HPCクラスタ,763,用語の読み取り候補が不一致,HP,HPCクラスタ
kitami,キタミ式 令和08年,data/kitami/index-936.json,936,2,43,HTTPS,661,用語の読み取り候補が不一致,HTTPS,HTTPS:seensneu
kitami,キタミ式 令和08年,data/kitami/index-936.json,936,2,46,ICMP,566,ページ認識の確度,ICMP,ICMP
kitami,キタミ式 令和08年,data/kitami/index-936.json,936,2,49,I,"261,263",用語が欠落または短い,I,I
kitami,キタミ式 令和08年,data/kitami/index-937.json,937,1,1,IETF,575,用語の読み取り候補が不一致,IETF,IETFeas
kitami,キタミ式 令和08年,data/kitami/index-937.json,937,1,2,IMAP,592,用語の読み取り候補が不一致,IMAP,IMAPcones
kitami,キタミ式 令和08年,data/kitami/index-937.json,937,1,3,IN,"462,472",用語の読み取り候補が不一致,IN,INCenedeeOPOREOSESOEOEREHOREESEEROSERSREREESEOSEDSHONEREEOEE
kitami,キタミ式 令和08年,data/kitami/index-937.json,937,1,5,TTY,607,英字の用語が不鮮明 / ページ認識の確度,,TTY
kitami,キタミ式 令和08年,data/kitami/index-937.json,937,1,7,INSERT文,479,用語の読み取り候補が不一致,INSERT文,INSERTXSeeda
kitami,キタミ式 令和08年,data/kitami/index-937.json,937,1,8,Integrated DriveElectronics,260,用語の読み取り候補が不一致,Integrated DriveElectronics,IntegratedDriveElectroniCcS
kitami,キタミ式 令和08年,data/kitami/index-937.json,937,1,12,InternetofThings,598,用語の読み取り候補が不一致,InternetofThings,InternetofThingsseeaeu
kitami,キタミ式 令和08年,data/kitami/index-937.json,937,1,13,InternetProtocol,548,用語の読み取り候補が不一致,InternetProtocol,InternetProtocoleoeo
kitami,キタミ式 令和08年,data/kitami/index-937.json,937,1,14,InternetProtocol Version6,557,用語の読み取り候補が不一致,InternetProtocol Version6,InternetProtocolVersion6NT
kitami,キタミ式 令和08年,data/kitami/index-937.json,937,1,15,loT,598,用語の読み取り候補が不一致,loT,loTapeanessaeapaoeaesseaeqaeaogeoasesseoosanaagiappaeooeeaoaox
kitami,キタミ式 令和08年,data/kitami/index-937.json,937,1,18,IPsec,663,用語の読み取り候補が不一致,IPsec,IPsecTTY
kitami,キタミ式 令和08年,data/kitami/index-937.json,937,1,19,IPv6,557,用語の読み取り候補が不一致,IPv6,IPv
kitami,キタミ式 令和08年,data/kitami/index-937.json,937,1,22,IPアドレスのクラス,552,用語の読み取り候補が不一致,IP,IPアドレスのクラス
kitami,キタミ式 令和08年,data/kitami/index-937.json,937,1,23,IPアドレスの変換,561,用語の読み取り候補が不一致,IPの变换,IPアドレスの変換
kitami,キタミ式 令和08年,data/kitami/index-937.json,937,1,24,IPマスカレード,564,用語の読み取り候補が不一致,IP,IPマスカレード
kitami,キタミ式 令和08年,data/kitami/index-937.json,937,1,25,IrDA,264,用語の読み取り候補が不一致,IrDA,IrDATL
kitami,キタミ式 令和08年,data/kitami/index-937.json,937,1,26,isa関係,732,用語の読み取り候補が不一致,isa阅係,isa関係
kitami,キタミ式 令和08年,data/kitami/index-937.json,937,1,27,ISMS,607,用語の読み取り候補が不一致,ISMS,ISMSTTY
kitami,キタミ式 令和08年,data/kitami/index-937.json,937,1,28,ISMS週合性評価制,607,用語の読み取り候補が不一致,ISMS避合性佰制度,ISMS週合性評価制
kitami,キタミ式 令和08年,data/kitami/index-937.json,937,1,31,ITIL,817,用語の読み取り候補が不一致,ITIL,ITILea
kitami,キタミ式 令和08年,data/kitami/index-937.json,937,1,32,ITガバナンス,826,用語の読み取り候補が不一致,IT,ITガバナンス
kitami,キタミ式 令和08年,data/kitami/index-937.json,937,1,33,ITサービス継続性管理,821,用語の読み取り候補が不一致,I一继性管理,ITサービス継続性管理
kitami,キタミ式 令和08年,data/kitami/index-937.json,937,1,38,Java,353,用語の読み取り候補が不一致,Java,JavaPUTUTTTT
kitami,キタミ式 令和08年,data/kitami/index-937.json,937,1,39,JavaScript,353,用語の読み取り候補が不一致,JavaScript,JavaScriptee
kitami,キタミ式 令和08年,data/kitami/index-937.json,937,1,41,JCL,288,用語の読み取り候補が不一致,JCL,ICLwenn
kitami,キタミ式 令和08年,data/kitami/index-937.json,937,1,43,Job Control Language,288,用語の読み取り候補が不一致,Job Control Language,JobControlLanguag
kitami,キタミ式 令和08年,data/kitami/index-937.json,937,1,44,JPCERT/CC,615,ページ認識の確度 / 用語の読み取り候補が不一致,JPCERT/CC,JPCERT/
kitami,キタミ式 令和08年,data/kitami/index-937.json,937,1,45,JPCERTコーディネーションセンタ,615,用語の読み取り候補が不一致,JPERT,JPCERTコーディネーションセンタ
kitami,キタミ式 令和08年,data/kitami/index-937.json,937,1,46,k(キロ)mecesccanso,124,用語の読み取り候補が不一致,k（≠口）,k(キロ)mecesccanso
kitami,キタミ式 令和08年,data/kitami/index-937.json,937,1,48,LAN,504,用語の読み取り候補が不一致,LAN,LANasscS。55aae
kitami,キタミ式 令和08年,data/kitami/index-937.json,937,1,49,LANの接続形能,507,用語の読み取り候補が不一致,LANの接統形,LANの接続形能
kitami,キタミ式 令和08年,data/kitami/index-937.json,937,1,51,Large ScaleIntegration,156,用語の読み取り候補が不一致,Large ScaleIntegration,LargeScaleIntegrationaecececea
kitami,キタミ式 令和08年,data/kitami/index-937.json,937,1,52,Last In First Out,339,用語の読み取り候補が不一致,Last In First Out,LastInFirstOuteoo
kitami,キタミ式 令和08年,data/kitami/index-937.json,937,2,3,log,66,ページ認識の確度,log,logee
kitami,キタミ式 令和08年,data/kitami/index-937.json,937,2,4,LRU方式,339,ページ認識の確度,LRU方式,LRU方式
kitami,キタミ式 令和08年,data/kitami/index-937.json,937,2,5,LSI,156,ページ認識の確度 / 用語の読み取り候補が不一致,LSI,LSIease
kitami,キタミ式 令和08年,data/kitami/index-937.json,937,2,6,M&A,875,用語の読み取り候補が不一致,M&A,M&ATTYTTUTTUTUTUTUUTUTUTUUTUTU
kitami,キタミ式 令和08年,data/kitami/index-937.json,937,2,7,m(ミリ)ee,124,ページ認識の確度,m(EU),m(ミリ)ee
kitami,キタミ式 令和08年,data/kitami/index-937.json,937,2,9,MacOS,28,ページ認識の確度 / 用語の読み取り候補が不一致,MacOS,MacOSee
kitami,キタミ式 令和08年,data/kitami/index-937.json,937,2,13,Management Of Technology,862,用語の読み取り候補が不一致,Management Of Technology,ManagementOfTechnologywevecenvsccersccosees
kitami,キタミ式 令和08年,data/kitami/index-937.json,937,2,14,MAX,466,用語の読み取り候補が不一致,MAX,MAXcascccsccocencepacssscascansduscosancecscepenceceacsuccancceaccces
kitami,キタミ式 令和08年,data/kitami/index-937.json,937,2,17,Mean TimeBetweenFailure,781,用語の読み取り候補が不一致,Mean TimeBetweenFailure,MeanTimeBetweenFailur
kitami,キタミ式 令和08年,data/kitami/index-937.json,937,2,18,MeanTimeToRepair,782,用語の読み取り候補が不一致,MeanTimeToRepair,MeanTimeToRepairee
kitami,キタミ式 令和08年,data/kitami/index-937.json,937,2,21,Million Instructions Per Second,191,用語の読み取り候補が不一致,Million Instructions Per Second,MillionInstructionsPerSecond::
kitami,キタミ式 令和08年,data/kitami/index-937.json,937,2,23,MIN,466,ページ認識の確度,MIN,MINrr
kitami,キタミ式 令和08年,data/kitami/index-937.json,937,2,27,MOT,862,用語の読み取り候補が不一致,MOT,MOTease
kitami,キタミ式 令和08年,data/kitami/index-937.json,937,2,28,MS-DOS,284,ページ認識の確度,MS-DOS,MS-DOS
kitami,キタミ式 令和08年,data/kitami/index-937.json,937,2,29,n!,68,ページ認識の確度 / 用語に記号が混入,n!,ni
kitami,キタミ式 令和08年,data/kitami/index-937.json,937,2,31,NAND,141,ページ認識の確度,NAND,NAND
kitami,キタミ式 令和08年,data/kitami/index-937.json,937,2,32,NAPT,564,用語の読み取り候補が不一致,NAPT,NAPTA
kitami,キタミ式 令和08年,data/kitami/index-937.json,937,2,35,NetworkTimeProtocol,573,用語の読み取り候補が不一致,NetworkTimeProtocol,NetworkTimeProtocolee
kitami,キタミ式 令和08年,data/kitami/index-937.json,937,2,36,NIC,525,用語の読み取り候補が不一致,NIC,NICteensTTY
kitami,キタミ式 令和08年,data/kitami/index-937.json,937,2,37,non-repudiation,609,用語の読み取り候補が不一致,non-repudiation,non-repudiatio
kitami,キタミ式 令和08年,data/kitami/index-937.json,937,2,38,NOR,141,ページ認識の確度,NOR,NORaaa
kitami,キタミ式 令和08年,data/kitami/index-937.json,937,2,39,NOT,"56,141",用語の読み取り候補が不一致,NOT,NOTcoveccoveccesvece
kitami,キタミ式 令和08年,data/kitami/index-937.json,937,2,40,NO,445,ページ認識の確度,NO,NO
kitami,キタミ式 令和08年,data/kitami/index-937.json,937,2,43,n重程,80,ページ認識の確度 / 用語の読み取り候補が不一致,n重程,n#VIVIDARTUTTI
kitami,キタミ式 令和08年,data/kitami/index-937.json,937,2,44,n進数icmecadosata,"24,27",用語の読み取り候補が不一致,n进数,n進数icmecadosata
kitami,キタミ式 令和08年,data/kitami/index-937.json,937,2,45,OCRいいeeきらaaちいるのささらeeるもららSeるるももるもも,268,ページ認識の確度 / 用語の読み取り候補が不一致,OCR,OCRいいeeきらaaちいるのささらeeるもららSeるるももるもも
kitami,キタミ式 令和08年,data/kitami/index-937.json,937,2,47,On-the-Go,262,用語の読み取り候補が不一致,On-the-Go,On-the-Goeevee
kitami,キタミ式 令和08年,data/kitami/index-937.json,937,2,48,penFlow AAR,533,補完した行を要確認,,penFlow AAR 
kitami,キタミ式 令和08年,data/kitami/index-937.json,937,2,49,OperatingSystem,280,用語の読み取り候補が不一致,OperatingSystem,OperatingSystemocebev
kitami,キタミ式 令和08年,data/kitami/index-938.json,938,1,6,OS,280,ページ認識の確度,OS,OS
kitami,キタミ式 令和08年,data/kitami/index-938.json,938,1,7,OSI基本参照儿,"518,524",用語の読み取り候補が不一致,OSI基本参照儿,OSIBASIRETIL
kitami,キタミ式 令和08年,data/kitami/index-938.json,938,1,8,式,422,用語が欠落または短い / ページ認識の確度,式,ox
kitami,キタミ式 令和08年,data/kitami/index-938.json,938,1,10,Parallel Processing,202,用語の読み取り候補が不一致,Parallel Processing,ParallelProcessing:
kitami,キタミ式 令和08年,data/kitami/index-938.json,938,1,12,PBP,918,用語の読み取り候補が不一致,PBP,PBPenveccas:
kitami,キタミ式 令和08年,data/kitami/index-938.json,938,1,17,PDCAサイクル,838,用語の読み取り候補が不一致,PDCA,PDCAサイクル
kitami,キタミ式 令和08年,data/kitami/index-938.json,938,1,20,PeripheralComponentInterconnect,258,用語の読み取り候補が不一致,PeripheralComponentInterconnect,PeripheralComponentInterconnec
kitami,キタミ式 令和08年,data/kitami/index-938.json,938,1,21,PERT図,807,用語の読み取り候補が不一致,PERT网,PERT図
kitami,キタミ式 令和08年,data/kitami/index-938.json,938,1,23,PKI,659,用語の読み取り候補が不一致,PKI,PKIRTTTCTTT
kitami,キタミ式 令和08年,data/kitami/index-938.json,938,1,28,POP3,591,ページ認識の確度,POP3,POP3
kitami,キタミ式 令和08年,data/kitami/index-938.json,938,1,31,PPM,877,用語の読み取り候補が不一致,PPM,PPMpactreccwenanesauccacanabncanasdsscesasenessanse
kitami,キタミ式 令和08年,data/kitami/index-938.json,938,1,35,ProgrammableLogicDevice,158,ページ認識の確度 / 用語の読み取り候補が不一致,ProgrammableLogicDevice,ProgrammableLogicDevice…ETD
kitami,キタミ式 令和08年,data/kitami/index-938.json,938,1,44,RadioFrequencyIDentification,270,用語の読み取り候補が不一致,RadioFrequencyIDentification,RadioFrequencyIDentificationRT
kitami,キタミ式 令和08年,data/kitami/index-938.json,938,1,45,RAID,239,用語の読み取り候補が不一致,RAID,RAIO
kitami,キタミ式 令和08年,data/kitami/index-938.json,938,1,47,RAID1,"239,240",用語の読み取り候補が不一致,RAID1,RAID1me
kitami,キタミ式 令和08年,data/kitami/index-938.json,938,2,1,RAID,"239,241",用語の読み取り候補が不一致,RAID,RAID4
kitami,キタミ式 令和08年,data/kitami/index-938.json,938,2,2,RAID5,"239,241",用語の読み取り候補が不一致,RAID5,RAID5asossaesnds
kitami,キタミ式 令和08年,data/kitami/index-938.json,938,2,3,RAID6,"239,241",用語の読み取り候補が不一致,RAID6,RAID6FT
kitami,キタミ式 令和08年,data/kitami/index-938.json,938,2,5,Random Access Memory,210,用語の読み取り候補が不一致,Random Access Memory,RandomAccessMemoryTTYTTTTYTTTT
kitami,キタミ式 令和08年,data/kitami/index-938.json,938,2,6,Rapid Application Development,694,用語の読み取り候補が不一致,Rapid Application Development,RapidApplicationDevelopmentOL
kitami,キタミ式 令和08年,data/kitami/index-938.json,938,2,7,RARP,561,用語の読み取り候補が不一致,RARP,RARPYTVTTTYYTTTTYYTTT
kitami,キタミ式 令和08年,data/kitami/index-938.json,938,2,8,RASIS,780,用語の読み取り候補が不一致,RASIS,RASISee
kitami,キタミ式 令和08年,data/kitami/index-938.json,938,2,9,RDB,433,用語の読み取り候補が不一致,RDB,RDBTTYTTTTTUTTUUTUTTTTUTUUTUUTTUTUTUTUTUTUUTUT
kitami,キタミ式 令和08年,data/kitami/index-938.json,938,2,10,READY,296,用語の読み取り候補が不一致,READY,READYoancenca
kitami,キタミ式 令和08年,data/kitami/index-938.json,938,2,12,RecoveryPointObjective,823,用語の読み取り候補が不一致,RecoveryPointObjective,RecoveryPointObjectiveET
kitami,キタミ式 令和08年,data/kitami/index-938.json,938,2,13,RecoveryTime Objective,823,用語の読み取り候補が不一致,RecoveryTime Objective,RecoveryTimeObjectiveTTY
kitami,キタミ式 令和08年,data/kitami/index-938.json,938,2,14,Reduced Instruction Set Computer,200,ページ認識の確度,Reduced Instruction Set Computer,ReducedInstructionSetComputer
kitami,キタミ式 令和08年,data/kitami/index-938.json,938,2,15,Relational Database,433,用語の読み取り候補が不一致,Relational Database,RelationalDatabaseTUTTITLTLLTLUTU
kitami,キタミ式 令和08年,data/kitami/index-938.json,938,2,16,reliabilityててscone:,609,用語の読み取り候補が不一致,reliability,reliabilityててscone:
kitami,キタミ式 令和08年,data/kitami/index-938.json,938,2,18,RequestforInformation,675,用語の読み取り候補が不一致,RequestforInformation,RequestforInformationPT
kitami,キタミ式 令和08年,data/kitami/index-938.json,938,2,19,RequestForProposal,675,用語の読み取り候補が不一致,RequestForProposal,RequestForProposalTTY
kitami,キタミ式 令和08年,data/kitami/index-938.json,938,2,20,Return OnAssets,"926,932",用語の読み取り候補が不一致,Return OnAssets,ReturnOnAssetsee
kitami,キタミ式 令和08年,data/kitami/index-938.json,938,2,21,Return On Investment,918,ページ認識の確度 / 用語の読み取り候補が不一致,Return On Investment,ReturnOnInvestmentee
kitami,キタミ式 令和08年,data/kitami/index-938.json,938,2,22,ReverseAddressResolutionProtocol,561,用語の読み取り候補が不一致,ReverseAddressResolutionProtocol,ReverseAddressResolutionProtoc
kitami,キタミ式 令和08年,data/kitami/index-938.json,938,2,23,RFC,575,用語の読み取り候補が不一致,RFC,RFCarenev
kitami,キタミ式 令和08年,data/kitami/index-938.json,938,2,25,RFID,270,用語の読み取り候補が不一致,RFID,RFIDU
kitami,キタミ式 令和08年,data/kitami/index-938.json,938,2,27,RGB,272,ページ認識の確度,RGB,RGB
kitami,キタミ式 令和08年,data/kitami/index-938.json,938,2,29,RLO,823,ページ認識の確度,RLO,RLO
kitami,キタミ式 令和08年,data/kitami/index-938.json,938,2,31,RoboticProcessAutomation,285,ページ認識の確度,RoboticProcessAutomation,RoboticProcessAutomation
kitami,キタミ式 令和08年,data/kitami/index-938.json,938,2,33,RO,918,ページ認識の確度 / 用語の読み取り候補が不一致,RO,ROITOT
kitami,キタミ式 令和08年,data/kitami/index-938.json,938,2,36,rootkit,626,用語の読み取り候補が不一致,rootkit,rootkitrenevw
kitami,キタミ式 令和08年,data/kitami/index-938.json,938,2,39,RSフリップフロップ回路,142,ページ認識の確度 / 用語の読み取り候補が不一致,RS路,RSフリップフロップ回路
kitami,キタミ式 令和08年,data/kitami/index-938.json,938,2,43,S/MIME,593,ページ認識の確度 / 用語の読み取り候補が不一致,S/MIME,S/MIMEpenensnco
kitami,キタミ式 令和08年,data/kitami/index-938.json,938,2,44,SATA,"261,263",用語の読み取り候補が不一致,SATA,SATAv
kitami,キタミ式 令和08年,data/kitami/index-938.json,938,2,45,SCSI,260,ページ認識の確度 / 用語の読み取り候補が不一致,SCSI,SCSITTY
kitami,キタミ式 令和08年,data/kitami/index-938.json,938,2,46,SDN,533,用語の読み取り候補が不一致,SDN,SDNTTYUTUT
kitami,キタミ式 令和08年,data/kitami/index-938.json,938,2,47,Search EngineOptimization,582,用語の読み取り候補が不一致,Search EngineOptimization,SearchEngine
kitami,キタミ式 令和08年,data/kitami/index-938.json,938,2,49,TTYTTTTUUTUTTTUTTLUYTLTUUTUUTUTLU,663,英字の用語が不鮮明 / ページ認識の確度,,TTYTTTTUUTUTTTUTTLUYTLTUUTUUTUTLU
kitami,キタミ式 令和08年,data/kitami/index-938.json,938,2,50,SELECT文,458,用語の読み取り候補が不一致,SELECT文,SELECTee
kitami,キタミ式 令和08年,data/kitami/index-938.json,938,2,51,SEO,582,用語の読み取り候補が不一致,SEO,SEOeesccanscacsa
kitami,キタミ式 令和08年,data/kitami/index-938.json,938,2,52,SEOポイズニング,582,用語の読み取り候補が不一致,SEO,SEOポイズニング
kitami,キタミ式 令和08年,data/kitami/index-938.json,938,2,53,ServiceLevelAgreement,818,用語の読み取り候補が不一致,ServiceLevelAgreement,ServiceLevel
kitami,キタミ式 令和08年,data/kitami/index-938.json,938,2,54,Service Level Management,"818,821",用語の読み取り候補が不一致,Service Level Management,ServiceLevelManagement:ee
kitami,キタミ式 令和08年,data/kitami/index-938.json,938,2,55,Service Oriented Architecture,766,ページ認識の確度,Service Oriented Architecture,ServiceOrientedArchitecture
kitami,キタミ式 令和08年,data/kitami/index-939.json,939,1,1,ServiceSetldentifier,513,用語の読み取り候補が不一致,ServiceSetldentifier,ServiceSetIdentifieree
kitami,キタミ式 令和08年,data/kitami/index-939.json,939,1,2,SHA-1,660,用語の読み取り候補が不一致,SHA-1,SPAebvvssest
kitami,キタミ式 令和08年,data/kitami/index-939.json,939,1,3,SHA2,660,用語の読み取り候補が不一致,SHA2,SHAY
kitami,キタミ式 令和08年,data/kitami/index-939.json,939,1,6,SimpleMail TransferProtocol,573,用語の読み取り候補が不一致,SimpleMail TransferProtocol,SimpleMailTransferProtocolee
kitami,キタミ式 令和08年,data/kitami/index-939.json,939,1,7,Simple Network Management Protoco,567,補完した行を要確認,,Simple Network Management Protoco
kitami,キタミ式 令和08年,data/kitami/index-939.json,939,1,9,SISD,203,用語の読み取り候補が不一致,SISD,SISDTTYUUTYTYTYTTUUUTLTUUTUUUTLTUTTUTLTTT
kitami,キタミ式 令和08年,data/kitami/index-939.json,939,1,14,SMP,202,ページ認識の確度 / 用語の読み取り候補が不一致,SMP,SMPTUUTUUTUUTTUT
kitami,キタミ式 令和08年,data/kitami/index-939.json,939,1,18,SoC,157,用語の読み取り候補が不一致,SoC,SoCTULUT
kitami,キタミ式 令和08年,data/kitami/index-939.json,939,1,19,Software-Defined Network,533,用語の読み取り候補が不一致,Software-Defined Network,Software-DefinedNetworkesaSdsces
kitami,キタミ式 令和08年,data/kitami/index-939.json,939,1,20,SolidStateDrive,247,用語の読み取り候補が不一致,SolidStateDrive,SolidStateDriv
kitami,キタミ式 令和08年,data/kitami/index-939.json,939,1,26,SSID,513,用語の読み取り候補が不一致,SSID,SSIDvev
kitami,キタミ式 令和08年,data/kitami/index-939.json,939,1,27,SSIDステルス,513,用語の読み取り候補が不一致,SSI,SSIDステルス
kitami,キタミ式 令和08年,data/kitami/index-939.json,939,1,30,Static RAM ii bitin ei inna itm el i,211,補完した行を要確認,,Static RAM ii bitin ei inna itm el i
kitami,キタミ式 令和08年,data/kitami/index-939.json,939,1,31,Strength,876,用語の読み取り候補が不一致,Strength,Strengths
kitami,キタミ式 令和08年,data/kitami/index-939.json,939,1,34,SUM,466,用語の読み取り候補が不一致,SUM,SUMesper
kitami,キタミ式 令和08年,data/kitami/index-939.json,939,1,38,System inPackage,157,用語の読み取り候補が不一致,System inPackage,SysteminPackagev
kitami,キタミ式 令和08年,data/kitami/index-939.json,939,1,39,System ona Chip,157,用語の読み取り候補が不一致,System ona Chip,SystemonaChipounaapecccco
kitami,キタミ式 令和08年,data/kitami/index-939.json,939,1,42,TCP,548,用語の読み取り候補が不一致,TCP,TCPesses
kitami,キタミ式 令和08年,data/kitami/index-939.json,939,1,43,TCP/IP,547,用語の読み取り候補が不一致,TCP/IP,TCP/IPsh
kitami,キタミ式 令和08年,data/kitami/index-939.json,939,1,44,Telnet,573,用語の読み取り候補が不一致,Telnet,TelnetTTY
kitami,キタミ式 令和08年,data/kitami/index-939.json,939,1,46,TKIP,512,ページ認識の確度,TKIP,TKIP
kitami,キタミ式 令和08年,data/kitami/index-939.json,939,1,47,TLS,661,用語の読み取り候補が不一致,TLS,TLSCovcevecccvcessurcvco
kitami,キタミ式 令和08年,data/kitami/index-939.json,939,1,48,TO,588,用語の読み取り候補が不一致,TO,TOwuconcencr
kitami,キタミ式 令和08年,data/kitami/index-939.json,939,1,50,traceroute,566,用語の読み取り候補が不一致,traceroute,tracerout
kitami,キタミ式 令和08年,data/kitami/index-939.json,939,1,51,Transmission Control Protocol,548,用語の読み取り候補が不一致,Transmission Control Protocol,TransmissionControlProtocolPUT
kitami,キタミ式 令和08年,data/kitami/index-939.json,939,1,53,Type-C,261,用語の読み取り候補が不一致,Type-C,TypeCTL
kitami,キタミ式 令和08年,data/kitami/index-939.json,939,2,1,Unified ModelingLanguage,736,ページ認識の確度 / 用語の読み取り候補が不一致,Unified ModelingLanguage,UnifiedModelingLanguag
kitami,キタミ式 令和08年,data/kitami/index-939.json,939,2,4,Universal Serial Bus,261,用語の読み取り候補が不一致,Universal Serial Bus,UniversalSerialBusovasecnasencapan
kitami,キタミ式 令和08年,data/kitami/index-939.json,939,2,9,URL,580,用語の読み取り候補が不一致,URL,URLseOnsseea
kitami,キタミ式 令和08年,data/kitami/index-939.json,939,2,11,USBPD,261,用語の読み取り候補が不一致,USBPD,USBPDeas
kitami,キタミ式 令和08年,data/kitami/index-939.json,939,2,15,UTF-16,129,用語の読み取り候補が不一致,UTF-16,UTF-16a
kitami,キタミ式 令和08年,data/kitami/index-939.json,939,2,16,UTF-8,"128,129",用語の読み取り候補が不一致,UTF-8,UTF-8ee
kitami,キタミ式 令和08年,data/kitami/index-939.json,939,2,18,VirtualPrivateNetwork,662,用語の読み取り候補が不一致,VirtualPrivateNetwork,VirtualPrivateNetworkease
kitami,キタミ式 令和08年,data/kitami/index-939.json,939,2,19,VLIW,199,用語の読み取り候補が不一致,VLIW,VLIWee
kitami,キタミ式 令和08年,data/kitami/index-939.json,939,2,21,VRAM,273,用語の読み取り候補が不一致,VRAM,VRAMesp
kitami,キタミ式 令和08年,data/kitami/index-939.json,939,2,24,WAF,"643,644",用語の読み取り候補が不一致,WAF,WAFeneeoe
kitami,キタミ式 令和08年,data/kitami/index-939.json,939,2,26,WAIT,296,用語の読み取り候補が不一致,WAIT,WAITaaapsesoa
kitami,キタミ式 令和08年,data/kitami/index-939.json,939,2,29,Weakness,876,用語の読み取り候補が不一致,Weakness,Weak
kitami,キタミ式 令和08年,data/kitami/index-939.json,939,2,31,Webブラウザ,"577,578",用語の読み取り候補が不一致,Web,Webブラウザ
kitami,キタミ式 令和08年,data/kitami/index-939.json,939,2,33,WHERE句,460,用語の読み取り候補が不一致,WHERE句,WHERE®)deedcr
kitami,キタミ式 令和08年,data/kitami/index-939.json,939,2,34,Windows,284,用語の読み取り候補が不一致,Windows,Windowseo
kitami,キタミ式 令和08年,data/kitami/index-939.json,939,2,36,WorldWideWeb,577,用語の読み取り候補が不一致,WorldWideWeb,WorldWideWebevveersecvocccscvevevenservasescca
kitami,キタミ式 令和08年,data/kitami/index-939.json,939,2,38,www,577,用語の読み取り候補が不一致,www,WWWccev
kitami,キタミ式 令和08年,data/kitami/index-939.json,939,2,41,YAGNI,695,用語の読み取り候補が不一致,YAGNI,YAGNIee
kitami,キタミ式 令和08年,data/kitami/index-939.json,939,2,43,アイソゾクロナス転送,262,用語の読み取り候補が不一致,送,アイソゾクロナス転送
kitami,キタミ式 令和08年,data/kitami/index-939.json,939,2,44,アイドルタイム,302,用語の読み取り候補が不一致,L,アイドルタイム
kitami,キタミ式 令和08年,data/kitami/index-939.json,939,2,47,アクセシビリティ,711,ページ認識の確度,,アクセシビリティ
kitami,キタミ式 令和08年,data/kitami/index-939.json,939,2,49,アクセス管理,619,ページ認識の確度 / 用語の読み取り候補が不一致,管理,アクセス管理
kitami,キタミ式 令和08年,data/kitami/index-939.json,939,2,50,PIA,622,英字の用語が不鮮明,,PIA
kitami,キタミ式 令和08年,data/kitami/index-939.json,939,2,51,アクセス時間,232,用語の読み取り候補が不一致,時間,アクセス時間
kitami,キタミ式 令和08年,data/kitami/index-939.json,939,2,54,アクティブ型,270,ページ認識の確度 / 用語の読み取り候補が不一致,型,アクティブ型
kitami,キタミ式 令和08年,data/kitami/index-940.json,940,1,3,值渡,370,ページ認識の確度,值渡,{GLs
kitami,キタミ式 令和08年,data/kitami/index-940.json,940,1,5,アドホック通信モード,"512,513",用語の読み取り候補が不一致,通,アドホック通信モード
kitami,キタミ式 令和08年,data/kitami/index-940.json,940,1,8,アドレス指定方式,178,用語の読み取り候補が不一致,指定方式,アドレス指定方式
kitami,キタミ式 令和08年,data/kitami/index-940.json,940,1,11,アナログデーで,160,用語の読み取り候補が不一致,一夕,アナログデーで
kitami,キタミ式 令和08年,data/kitami/index-940.json,940,1,13,アムダールの法則,205,用語の読み取り候補が不一致,の法则,アムダールの法則
kitami,キタミ式 令和08年,data/kitami/index-940.json,940,1,15,アルゴリズム,"338,374,403",用語の読み取り候補が不一致,U,アルゴリズム
kitami,キタミ式 令和08年,data/kitami/index-940.json,940,1,17,アローダイアグラム法,847,用語の読み取り候補が不一致,□法,アローダイアグラム法
kitami,キタミ式 令和08年,data/kitami/index-940.json,940,1,18,暗号,660,用語の読み取り候補が不一致,暗号,BSPYVIVALPT
kitami,キタミ式 令和08年,data/kitami/index-940.json,940,1,21,暗合的强度,724,用語の読み取り候補が不一致,暗合的强度,的強度
kitami,キタミ式 令和08年,data/kitami/index-940.json,940,1,23,了暗号ベイロ,663,用語の読み取り候補が不一致,暗号,了暗号ベイロ
kitami,キタミ式 令和08年,data/kitami/index-940.json,940,1,27,意性制約,445,用語の読み取り候補が不一致,一意性制豹,意性制約
kitami,キタミ式 令和08年,data/kitami/index-940.json,940,1,28,次元配列,383,用語の読み取り候補が不一致,一次元配列,次元配列
kitami,キタミ式 令和08年,data/kitami/index-940.json,940,1,29,一買性,488,用語の読み取り候補が不一致,一買性,—RttUTUUU
kitami,キタミ式 令和08年,data/kitami/index-940.json,940,1,33,イベントドリブン方式,301,用語の読み取り候補が不一致,方式,イベントドリブン方式
kitami,キタミ式 令和08年,data/kitami/index-940.json,940,1,37,いわゆるコンピュータ・ウイルスに関す,906,用語の読み取り候補が不一致,罪,いわゆるコンピュータ・ウイルスに関す
kitami,キタミ式 令和08年,data/kitami/index-940.json,940,1,40,インシデント管理,819,用語の読み取り候補が不一致,管理,インシデント管理
kitami,キタミ式 令和08年,data/kitami/index-940.json,940,1,44,インターネット,662,用語の読み取り候補が不一致,夕一,インターネット
kitami,キタミ式 令和08年,data/kitami/index-940.json,940,1,46,インタビュー法,712,用語の読み取り候補が不一致,法,インタビュー法
kitami,キタミ式 令和08年,data/kitami/index-940.json,940,1,49,インタプリタ方式,"356,686",用語の読み取り候補が不一致,方式,インタプリタ方式
kitami,キタミ式 令和08年,data/kitami/index-940.json,940,1,50,インタラブト転送,262,用語の読み取り候補が不一致,送,インタラブト転送
kitami,キタミ式 令和08年,data/kitami/index-940.json,940,1,53,インフラストラクチャ通信モード,"512,513",用語の読み取り候補が不一致,通,インフラストラクチャ通信モード
kitami,キタミ式 令和08年,data/kitami/index-940.json,940,1,56,ウイルス感染時の対処,636,用語の読み取り候補が不一致,感染時の对,ウイルス感染時の対処
kitami,キタミ式 令和08年,data/kitami/index-940.json,940,1,57,ウイルス対策ソフト,634,用語の読み取り候補が不一致,对策,ウイルス対策ソフト
kitami,キタミ式 令和08年,data/kitami/index-940.json,940,2,1,ウイルスの予防,636,用語の読み取り候補が不一致,防,ウイルスの予防
kitami,キタミ式 令和08年,data/kitami/index-940.json,940,2,5,請負 Seen ene e ne ene ene en,883,補完した行を要確認,,請負 Seen ene e ne ene ene en 
kitami,キタミ式 令和08年,data/kitami/index-940.json,940,2,7,打切照差,47,ページ認識の確度 / 用語の読み取り候補が不一致,打切照差,MORE
kitami,キタミ式 令和08年,data/kitami/index-940.json,940,2,10,液晶ディスプレイ,271,用語の読み取り候補が不一致,液,液晶ディスプレイ
kitami,キタミ式 令和08年,data/kitami/index-940.json,940,2,13,枝,393,用語が欠落または短い,枝,UTU
kitami,キタミ式 令和08年,data/kitami/index-940.json,940,2,14,工,"87,88",用語が欠落または短い,工,
kitami,キタミ式 令和08年,data/kitami/index-940.json,940,2,15,,357,用語が欠落または短い / 用語認識の確度,,
kitami,キタミ式 令和08年,data/kitami/index-940.json,940,2,17,,865,用語が欠落または短い / 用語認識の確度,,
kitami,キタミ式 令和08年,data/kitami/index-940.json,940,2,18,,609,用語が欠落または短い / ページ認識の確度 / 用語認識の確度,,
kitami,キタミ式 令和08年,data/kitami/index-940.json,940,2,19,,"99,101",用語が欠落または短い / 用語認識の確度,,
kitami,キタミ式 令和08年,data/kitami/index-940.json,940,2,20,才一附路,89,ページ認識の確度,才一附路,
kitami,キタミ式 令和08年,data/kitami/index-940.json,940,2,22,用,281,用語が欠落または短い,用,
kitami,キタミ式 令和08年,data/kitami/index-940.json,940,2,24,,106,用語が欠落または短い / 用語認識の確度,,
kitami,キタミ式 令和08年,data/kitami/index-940.json,940,2,26,法,409,用語が欠落または短い,法,
kitami,キタミ式 令和08年,data/kitami/index-940.json,940,2,27,指,727,用語が欠落または短い,指,
kitami,キタミ式 令和08年,data/kitami/index-940.json,940,2,28,,737,用語が欠落または短い / 用語認識の確度,,
kitami,キタミ式 令和08年,data/kitami/index-940.json,940,2,29,,175,用語が欠落または短い / 用語認識の確度,,
kitami,キタミ式 令和08年,data/kitami/index-940.json,940,2,30,,"278,280",用語が欠落または短い / 用語認識の確度,,
kitami,キタミ式 令和08年,data/kitami/index-940.json,940,2,31,重,"26,92",用語が欠落または短い,重,
kitami,キタミ式 令和08年,data/kitami/index-940.json,940,2,32,重付,92,ページ認識の確度,重付,
kitami,キタミ式 令和08年,data/kitami/index-940.json,940,2,33,親,393,用語が欠落または短い / 用語認識の確度,親,
kitami,キタミ式 令和08年,data/kitami/index-940.json,940,2,36,理,761,用語が欠落または短い,理,
kitami,キタミ式 令和08年,data/kitami/index-940.json,940,2,37,,871,用語が欠落または短い / 用語認識の確度,,
kitami,キタミ式 令和08年,data/kitami/index-940.json,940,2,40,改h,"626,651",用語認識の確度,改h,
kitami,キタミ式 令和08年,data/kitami/index-940.json,940,2,41,開始記号,113,ページ認識の確度,開始記号,
kitami,キタミ式 令和08年,data/kitami/index-940.json,940,2,42,踏乘,"6,8",ページ認識の確度 / 用語認識の確度,踏乘,
kitami,キタミ式 令和08年,data/kitami/index-940.json,940,2,44,陆磨型,432,用語認識の確度,陆磨型,
kitami,キタミ式 令和08年,data/kitami/index-940.json,940,2,47,開,676,用語が欠落または短い / 用語認識の確度,開,
kitami,キタミ式 令和08年,data/kitami/index-940.json,940,2,51,外部結,725,ページ認識の確度,外部結,
kitami,キタミ式 令和08年,data/kitami/index-941.json,941,1,2,外部変数,368,用語の読み取り候補が不一致,外部变数,外部変数
kitami,キタミ式 令和08年,data/kitami/index-941.json,941,1,6,可監査性,830,用語の読み取り候補が不一致,可监查性,可監査性
kitami,キタミ式 令和08年,data/kitami/index-941.json,941,1,7,键,653,用語が欠落または短い / 用語の読み取り候補が不一致,键,esseeaeesee
kitami,キタミ式 令和08年,data/kitami/index-941.json,941,1,9,各アルゴリズムのオーダ,423,用語の読み取り候補が不一致,の,各アルゴリズムのオーダ
kitami,キタミ式 令和08年,data/kitami/index-941.json,941,1,10,隔離性,488,用語の読み取り候補が不一致,隔離性,Pamaitt
kitami,キタミ式 令和08年,data/kitami/index-941.json,941,1,13,確率変数,77,ページ認識の確度 / 用語の読み取り候補が不一致,確率变数,確率変数
kitami,キタミ式 令和08年,data/kitami/index-941.json,941,1,15,仮想記憶,330,用語の読み取り候補が不一致,饭想記憶,仮想記憶
kitami,キタミ式 令和08年,data/kitami/index-941.json,941,1,16,仮想記憶管理,330,用語の読み取り候補が不一致,饭想配憶管理,仮想記憶管理
kitami,キタミ式 令和08年,data/kitami/index-941.json,941,1,18,加速度センサ,161,ページ認識の確度,加速度,加速度センサ
kitami,キタミ式 令和08年,data/kitami/index-941.json,941,1,20,人金のなる木,877,用語の読み取り候補が不一致,金木,人金のなる木
kitami,キタミ式 令和08年,data/kitami/index-941.json,941,1,22,カブセル化,728,用語の読み取り候補が不一致,化,カブセル化
kitami,キタミ式 令和08年,data/kitami/index-941.json,941,1,23,可変区画方式eeveed,319,用語の読み取り候補が不一致,可区画方式,可変区画方式eeveed
kitami,キタミ式 令和08年,data/kitami/index-941.json,941,1,25,画面設計時の留,709,用語の読み取り候補が不一致,画面股計時の留意点,画面設計時の留
kitami,キタミ式 令和08年,data/kitami/index-941.json,941,1,30,カルノー図法,58,ページ認識の確度,力一法,カルノー図法
kitami,キタミ式 令和08年,data/kitami/index-941.json,941,1,31,関係演算,43,用語の読み取り候補が不一致,開保演算,関係演算
kitami,キタミ式 令和08年,data/kitami/index-941.json,941,1,32,閃係型,432,用語の読み取り候補が不一致,閃係型,BSGRReTUTT
kitami,キタミ式 令和08年,data/kitami/index-941.json,941,1,35,監査証拠,"829,83",用語の読み取り候補が不一致,监查证,監査証拠
kitami,キタミ式 令和08年,data/kitami/index-941.json,941,1,37,監査調書|,829,用語の読み取り候補が不一致,监查调書,監査調書|
kitami,キタミ式 令和08年,data/kitami/index-941.json,941,1,38,監査手続書,82,用語の読み取り候補が不一致,监查手書,監査手続書
kitami,キタミ式 令和08年,data/kitami/index-941.json,941,1,40,监查教告書,829,用語の読み取り候補が不一致,监查教告書,EARSmm
kitami,キタミ式 令和08年,data/kitami/index-941.json,941,1,42,関数従馬人,453,用語の読み取り候補が不一致,关数属,関数従馬人
kitami,キタミ式 令和08年,data/kitami/index-941.json,941,1,43,関数を使って集計を行う,46,用語の読み取り候補が不一致,开数使集計行,関数を使って集計を行う
kitami,キタミ式 令和08年,data/kitami/index-941.json,941,1,44,間接指定方式,180,用語の読み取り候補が不一致,間接指定方式,REPKLABEDS
kitami,キタミ式 令和08年,data/kitami/index-941.json,941,1,45,全2分木,394,用語の読み取り候補が不一致,完全2分木,全2分木
kitami,キタミ式 令和08年,data/kitami/index-941.json,941,1,49,かんばん方式,"918,924",用語の読み取り候補が不一致,方式,かんばん方式
kitami,キタミ式 令和08年,data/kitami/index-941.json,941,1,50,管理基準,82,用語の読み取り候補が不一致,管理基,管理基準
kitami,キタミ式 令和08年,data/kitami/index-941.json,941,1,54,記億階層.TTYRTPFTT,21,用語の読み取り候補が不一致,記憶落唇,記億階層.TTYRTPFTT
kitami,キタミ式 令和08年,data/kitami/index-941.json,941,1,55,記憶容量,230,用語の読み取り候補が不一致,配憶容量,記憶容量
kitami,キタミ式 令和08年,data/kitami/index-941.json,941,1,57,機械学習,601,用語の読み取り候補が不一致,機械学习,機械学習
kitami,キタミ式 令和08年,data/kitami/index-941.json,941,1,59,機械チェック割込み,304,用語の読み取り候補が不一致,機械于工割,機械チェック割込み
kitami,キタミ式 令和08年,data/kitami/index-941.json,941,2,1,後器の制御方式,162,用語の読み取り候補が不一致,機器の制御方式,後器の制御方式
kitami,キタミ式 令和08年,data/kitami/index-941.json,941,2,2,企莱治,"856,899",用語の読み取り候補が不一致,企莱治,RRReonscesevasecces:sss
kitami,キタミ式 令和08年,data/kitami/index-941.json,941,2,5,技衔革新,862,用語の読み取り候補が不一致,技衔革新,RRTTYTTTTT
kitami,キタミ式 令和08年,data/kitami/index-941.json,941,2,6,技術经营,862,用語の読み取り候補が不一致,技術经营,RASeo
kitami,キタミ式 令和08年,data/kitami/index-941.json,941,2,7,技術経営修士,862,用語の読み取り候補が不一致,技術经营修士,技術経営修士
kitami,キタミ式 令和08年,data/kitami/index-941.json,941,2,8,Be Shy Ane ene enene een,25,補完した行を要確認,,Be Shy Ane ene enene een 
kitami,キタミ式 令和08年,data/kitami/index-941.json,941,2,10,基数変換,"27,28",用語の読み取り候補が不一致,基数变换,基数変換
kitami,キタミ式 令和08年,data/kitami/index-941.json,941,2,11,期待恒,7,ページ認識の確度,期待值,期待恒
kitami,キタミ式 令和08年,data/kitami/index-941.json,941,2,12,基底,731,用語の読み取り候補が不一致,基底,BRISAmov
kitami,キタミ式 令和08年,data/kitami/index-941.json,941,2,13,機能的强度,724,用語の読み取り候補が不一致,機能的强度,PAECISRA
kitami,キタミ式 令和08年,data/kitami/index-941.json,941,2,19,基本計画ト。。<ec>mmm,684,用語の読み取り候補が不一致,基本計画,基本計画ト。。<ec>mmm
kitami,キタミ式 令和08年,data/kitami/index-941.json,941,2,20,基本交換法,"414,415",用語の読み取り候補が不一致,基本交换法,基本交換法
kitami,キタミ式 令和08年,data/kitami/index-941.json,941,2,21,基本選択法,"414,416",用語の読み取り候補が不一致,基本遥法,基本選択法
kitami,キタミ式 令和08年,data/kitami/index-941.json,941,2,24,逆コンバイル,696,用語の読み取り候補が不一致,逆,逆コンバイル
kitami,キタミ式 令和08年,data/kitami/index-941.json,941,2,25,逆ポボーランド記法,388,用語の読み取り候補が不一致,逆术法,逆ポボーランド記法
kitami,キタミ式 令和08年,data/kitami/index-941.json,941,2,26,キャッシュ,214,ページ認識の確度,,キャッシュ
kitami,キタミ式 令和08年,data/kitami/index-941.json,941,2,28,キャッシュメモリの割り当て方式,220,ページ認識の確度 / 用語の読み取り候補が不一致,の割当方式,キャッシュメモリの割り当て方式
kitami,キタミ式 令和08年,data/kitami/index-941.json,941,2,29,ギャップ分析,865,用語の読み取り候補が不一致,分析,ギャップ分析
kitami,キタミ式 令和08年,data/kitami/index-941.json,941,2,30,キャパシティ管理,821,用語の読み取り候補が不一致,管理,キャパシティ管理
kitami,キタミ式 令和08年,data/kitami/index-941.json,941,2,33,臀威,876,用語の読み取り候補が不一致,臀威,RLevens
kitami,キタミ式 令和08年,data/kitami/index-941.json,941,2,34,境界値分析,747,用語の読み取り候補が不一致,境界值分析,境界値分析
kitami,キタミ式 令和08年,data/kitami/index-941.json,941,2,35,強化学習,601,用語の読み取り候補が不一致,强化学習,強化学習
kitami,キタミ式 令和08年,data/kitami/index-941.json,941,2,36,狭義のウイルス,632,用語の読み取り候補が不一致,狭,狭義のウイルス
kitami,キタミ式 令和08年,data/kitami/index-941.json,941,2,39,慈争地位略,879,用語の読み取り候補が不一致,慈争地位略,APHELErrrere
kitami,キタミ式 令和08年,data/kitami/index-941.json,941,2,40,共通键暗号方式,653,用語の読み取り候補が不一致,共通键暗号方式,RBRSSHXme
kitami,キタミ式 令和08年,data/kitami/index-941.json,941,2,42,共通結合,725,用語の読み取り候補が不一致,共通结合,共通結合
kitami,キタミ式 令和08年,data/kitami/index-941.json,941,2,44,共通フレーム2013のプロセス体系,617,用語の読み取り候補が不一致,共通201,共通フレーム2013のプロセス体系
kitami,キタミ式 令和08年,data/kitami/index-941.json,941,2,47,行の挿入,479,用語の読み取り候補が不一致,行の入,行の挿入
kitami,キタミ式 令和08年,data/kitami/index-941.json,941,2,48,業務運用規約,870,用語の読み取り候補が不一致,業務通用规约,業務運用規約
kitami,キタミ式 令和08年,data/kitami/index-941.json,941,2,49,業務改善,836,用語の読み取り候補が不一致,業改善,業務改善
kitami,キタミ式 令和08年,data/kitami/index-941.json,941,2,50,楽務处理统制,827,用語の読み取り候補が不一致,楽務处理统制,PEMBRA
kitami,キタミ式 令和08年,data/kitami/index-941.json,941,2,51,業務のモデル,669,用語の読み取り候補が不一致,化,業務のモデル
kitami,キタミ式 令和08年,data/kitami/index-941.json,941,2,55,局所変数,368,用語の読み取り候補が不一致,局所变数,局所変数
kitami,キタミ式 令和08年,data/kitami/index-941.json,941,2,58,空間的局所性,217,用語の読み取り候補が不一致,空間的局所性,oecnen
kitami,キタミ式 令和08年,data/kitami/index-942.json,942,1,1,偶凳故障期間,790,用語の読み取り候補が不一致,偶凳故障期間,BFEaRHARY
kitami,キタミ式 令和08年,data/kitami/index-942.json,942,1,5,組込みシステム,160,ページ認識の確度,,組込みシステム
kitami,キタミ式 令和08年,data/kitami/index-942.json,942,1,8,クラス,730,ページ認識の確度,,クラス
kitami,キタミ式 令和08年,data/kitami/index-942.json,942,1,10,クラスタ,231,ページ認識の確度,,クラスタ
kitami,キタミ式 令和08年,data/kitami/index-942.json,942,1,14,クラスの階歴構造,731,用語の読み取り候補が不一致,の構造,クラスの階歴構造
kitami,キタミ式 令和08年,data/kitami/index-942.json,942,1,17,グラフのデータ構造.FT,90,用語の読み取り候補が不一致,造,グラフのデータ構造.FT
kitami,キタミ式 令和08年,data/kitami/index-942.json,942,1,18,グラフ理論,87,用語の読み取り候補が不一致,理,グラフ理論
kitami,キタミ式 令和08年,data/kitami/index-942.json,942,1,20,绿返L精造,"365,375",用語の読み取り候補が不一致,绿返L精造,iBLMSesse
kitami,キタミ式 令和08年,data/kitami/index-942.json,942,1,24,较,468,用語が欠落または短い,较,esse
kitami,キタミ式 令和08年,data/kitami/index-942.json,942,1,26,グローバルIPア,550,用語の読み取り候補が不一致,夕,グローバルIPア
kitami,キタミ式 令和08年,data/kitami/index-942.json,942,1,30,クロックサイクル時間,189,用語の読み取り候補が不一致,時間,クロックサイクル時間
kitami,キタミ式 令和08年,data/kitami/index-942.json,942,1,31,クロック周波数,"187,188",用語の読み取り候補が不一致,周波数,クロック周波数
kitami,キタミ式 令和08年,data/kitami/index-942.json,942,1,32,経営学修士,862,用語の読み取り候補が不一致,经营学修士,経営学修士
kitami,キタミ式 令和08年,data/kitami/index-942.json,942,1,33,経営戦略,875,用語の読み取り候補が不一致,经营略,経営戦略
kitami,キタミ式 令和08年,data/kitami/index-942.json,942,1,34,形式言語,112,ページ認識の確度,形式言語,形式言語
kitami,キタミ式 令和08年,data/kitami/index-942.json,942,1,35,形式言語の定義,115,用語の読み取り候補が不一致,形式語の定義,形式言語の定義
kitami,キタミ式 令和08年,data/kitami/index-942.json,942,1,38,"継続的インテグレーションeonensen,",695,用語の読み取り候補が不一致,继的,"継続的インテグレーションeonensen,"
kitami,キタミ式 令和08年,data/kitami/index-942.json,942,1,39,系続図法,847,用語の読み取り候補が不一致,系统法,系続図法
kitami,キタミ式 令和08年,data/kitami/index-942.json,942,1,41,経路選択,530,用語の読み取り候補が不一致,释路選职,経路選択
kitami,キタミ式 令和08年,data/kitami/index-942.json,942,1,45,不器差,46,用語の読み取り候補が不一致,不器差,SEBANNRRdaversa
kitami,キタミ式 令和08年,data/kitami/index-942.json,942,1,47,"桁の重みwocene,",26,用語の読み取り候補が不一致,桁の重,"桁の重みwocene,"
kitami,キタミ式 令和08年,data/kitami/index-942.json,942,1,48,けた別コード,718,用語の読み取り候補が不一致,别,けた別コード
kitami,キタミ式 令和08年,data/kitami/index-942.json,942,1,49,"結合ieecscocen,","437,464",用語の読み取り候補が不一致,结合,"結合ieecscocen,"
kitami,キタミ式 令和08年,data/kitami/index-942.json,942,1,52,限界値分析,747,用語の読み取り候補が不一致,限界值分析,限界値分析
kitami,キタミ式 令和08年,data/kitami/index-942.json,942,1,53,减伍优却,916,用語の読み取り候補が不一致,减伍优却,ADRTUTTI
kitami,キタミ式 令和08年,data/kitami/index-942.json,942,1,58,证,656,用語が欠落または短い / 用語の読み取り候補が不一致,证,RERee
kitami,キタミ式 令和08年,data/kitami/index-942.json,942,1,59,子,393,用語が欠落または短い,子,
kitami,キタミ式 令和08年,data/kitami/index-942.json,942,2,1,コアコンビタンス,878,ページ認識の確度,,コアコンビタンス
kitami,キタミ式 令和08年,data/kitami/index-942.json,942,2,2,広域イーサネット,"506,662",用語の読み取り候補が不一致,域,広域イーサネット
kitami,キタミ式 令和08年,data/kitami/index-942.json,942,2,6,交換方式,505,用語の読み取り候補が不一致,交换方式,交換方式
kitami,キタミ式 令和08年,data/kitami/index-942.json,942,2,7,後行顺,400,用語の読み取り候補が不一致,後行顺,BTRmeewarps:
kitami,キタミ式 令和08年,data/kitami/index-942.json,942,2,8,氏彩認証,621,用語の読み取り候補が不一致,虹彩懿证,氏彩認証
kitami,キタミ式 令和08年,data/kitami/index-942.json,942,2,10,更新後ジャーナル,"493,496",用語の読み取り候補が不一致,更新後,更新後ジャーナル
kitami,キタミ式 令和08年,data/kitami/index-942.json,942,2,12,機造化設計,721,用語の読み取り候補が不一致,造化设計,機造化設計
kitami,キタミ式 令和08年,data/kitami/index-942.json,942,2,13,楼造,737,用語の読み取り候補が不一致,楼造,isQPTre
kitami,キタミ式 令和08年,data/kitami/index-942.json,942,2,14,杨造八一,196,用語の読み取り候補が不一致,杨造八一,i/VF—
kitami,キタミ式 令和08年,data/kitami/index-942.json,942,2,16,BREaeこさ,891,用語の読み取り候補が不一致,公表,BREaeこさ
kitami,キタミ式 令和08年,data/kitami/index-942.json,942,2,17,楊文解析,"115,360",用語の読み取り候補が不一致,楊文解析,HSB
kitami,キタミ式 令和08年,data/kitami/index-942.json,942,2,18,候十一,445,ページ認識の確度,候十一,Ce
kitami,キタミ式 令和08年,data/kitami/index-942.json,942,2,19,コード生成ananp:,360,用語の読み取り候補が不一致,生成,コード生成ananp:
kitami,キタミ式 令和08年,data/kitami/index-942.json,942,2,26,颜客生涯值,880,用語の読み取り候補が不一致,颜客生涯值,MELEHwFT
kitami,キタミ式 令和08年,data/kitami/index-942.json,942,2,27,駅客満足度,875,用語の読み取り候補が不一致,酸客满足度,駅客満足度
kitami,キタミ式 令和08年,data/kitami/index-942.json,942,2,28,客,880,用語が欠落または短い / 用語の読み取り候補が不一致,客,BSOTPUT4
kitami,キタミ式 令和08年,data/kitami/index-942.json,942,2,29,差,45,用語が欠落または短い,差,Re
kitami,キタミ式 令和08年,data/kitami/index-942.json,942,2,30,故障対策,756,用語の読み取り候補が不一致,故障对策,故障対策
kitami,キタミ式 令和08年,data/kitami/index-942.json,942,2,33,固定資産,916,ページ認識の確度 / 用語の読み取り候補が不一致,固定資產,固定資産
kitami,キタミ式 令和08年,data/kitami/index-942.json,942,2,34,定小数点数,"30,32",用語の読み取り候補が不一致,固定小数点数,定小数点数
kitami,キタミ式 令和08年,data/kitami/index-942.json,942,2,35,固定费,911,ページ認識の確度,固定费,B
kitami,キタミ式 令和08年,data/kitami/index-942.json,942,2,36,の争地位载路,879,用語の読み取り候補が不一致,の争地位载路,JhS—ORDPAATR
kitami,キタミ式 令和08年,data/kitami/index-942.json,942,2,40,コミュニケーション管理,802,用語の読み取り候補が不一致,管理,コミュニケーション管理
kitami,キタミ式 令和08年,data/kitami/index-942.json,942,2,42,コリジョン,609,ページ認識の確度,,コリジョン
kitami,キタミ式 令和08年,data/kitami/index-942.json,942,2,43,コンソール制込み,304,用語の読み取り候補が不一致,制,コンソール制込み
kitami,キタミ式 令和08年,data/kitami/index-942.json,942,2,44,コンテキスト切琶え,301,用語の読み取り候補が不一致,切替,コンテキスト切琶え
kitami,キタミ式 令和08年,data/kitami/index-942.json,942,2,48,コンバイラ方式,"356,686",用語の読み取り候補が不一致,方式,コンバイラ方式
kitami,キタミ式 令和08年,data/kitami/index-942.json,942,2,50,コンビュータウイルスの信威,631,用語の読み取り候補が不一致,威,コンビュータウイルスの信威
kitami,キタミ式 令和08年,data/kitami/index-942.json,942,2,51,コンピュータウイルスの種類,632,用語の読み取り候補が不一致,種類,コンピュータウイルスの種類
kitami,キタミ式 令和08年,data/kitami/index-942.json,942,2,52,コンビュータ制御,160,用語の読み取り候補が不一致,夕制,コンビュータ制御
kitami,キタミ式 令和08年,data/kitami/index-942.json,942,2,53,コンピュータの回路,138,用語の読み取り候補が不一致,夕の回路,コンピュータの回路
kitami,キタミ式 令和08年,data/kitami/index-943.json,943,1,1,差,43,用語が欠落または短い,差,TU
kitami,キタミ式 令和08年,data/kitami/index-943.json,943,1,4,指,76,用語が欠落または短い,指,
kitami,キタミ式 令和08年,data/kitami/index-943.json,943,1,8,サービスレベルアグ,81,用語の読み取り候補が不一致,X,サービスレベルアグ
kitami,キタミ式 令和08年,data/kitami/index-943.json,943,1,9,サービスレベル管理,82,用語の読み取り候補が不一致,管理,サービスレベル管理
kitami,キタミ式 令和08年,data/kitami/index-943.json,943,1,10,サービスレベル全意書,81,用語の読み取り候補が不一致,意,サービスレベル全意書
kitami,キタミ式 令和08年,data/kitami/index-943.json,943,1,12,再帰アルゴリズム,42,用語の読み取り候補が不一致,再婦U,再帰アルゴリズム
kitami,キタミ式 令和08年,data/kitami/index-943.json,943,1,13,再帰関数,42,用語の読み取り候補が不一致,再鼎关数,再帰関数
kitami,キタミ式 令和08年,data/kitami/index-943.json,943,1,18,最高経営責任者,86,用語の読み取り候補が不一致,最高释营责任者,最高経営責任者
kitami,キタミ式 令和08年,data/kitami/index-943.json,943,1,19,最高情報責任者,86,用語の読み取り候補が不一致,最高情報责任者,最高情報責任者
kitami,キタミ式 令和08年,data/kitami/index-943.json,943,1,20,最高情報セキュリティ責任者,86,用語の読み取り候補が不一致,最高情報任者,最高情報セキュリティ責任者
kitami,キタミ式 令和08年,data/kitami/index-943.json,943,1,22,最早結合点時刻,81,用語の読み取り候補が不一致,最早结合点時刻,最早結合点時刻
kitami,キタミ式 令和08年,data/kitami/index-943.json,943,1,24,最運结合点時刻,81,ページ認識の確度 / 用語の読み取り候補が不一致,最運结合点時刻,MASSRGA
kitami,キタミ式 令和08年,data/kitami/index-943.json,943,1,28,サイバーセキュリティ基本法,90,用語の読み取り候補が不一致,法,サイバーセキュリティ基本法
kitami,キタミ式 令和08年,data/kitami/index-943.json,943,1,30,再配置可能ブログラム,32,用語の読み取り候補が不一致,再配可能,再配置可能ブログラム
kitami,キタミ式 令和08年,data/kitami/index-943.json,943,1,31,財務指標,"926,93",用語の読み取り候補が不一致,财務指標,財務指標
kitami,キタミ式 令和08年,data/kitami/index-943.json,943,1,32,財務諸表,"921,92",用語の読み取り候補が不一致,财務表,財務諸表
kitami,キタミ式 令和08年,data/kitami/index-943.json,943,1,37,差分バックアップ,79,用語の読み取り候補が不一致,差分,差分バックアップ
kitami,キタミ式 令和08年,data/kitami/index-943.json,943,1,38,産業財産権,68068,掲載ページの数字 / 用語の読み取り候補が不一致,產業财產椎,産業財産権
kitami,キタミ式 令和08年,data/kitami/index-943.json,943,1,39,参照制约,44,用語の読み取り候補が不一致,参照制约,SMA
kitami,キタミ式 令和08年,data/kitami/index-943.json,943,1,40,参照渡L,"370,37",用語の読み取り候補が不一致,参照渡L,SRL
kitami,キタミ式 令和08年,data/kitami/index-943.json,943,1,44,シーケンス制御,16,用語の読み取り候補が不一致,制御,シーケンス制御
kitami,キタミ式 令和08年,data/kitami/index-943.json,943,1,48,時開管理,80,用語の読み取り候補が不一致,時間管理,時開管理
kitami,キタミ式 令和08年,data/kitami/index-943.json,943,1,49,時間的強度,72,用語の読み取り候補が不一致,时間的强度,時間的強度
kitami,キタミ式 令和08年,data/kitami/index-943.json,943,1,51,磁気ディスク装置,22,用語の読み取り候補が不一致,磁装置,磁気ディスク装置
kitami,キタミ式 令和08年,data/kitami/index-943.json,943,2,2,指揮命令系統,886,用語の読み取り候補が不一致,指操命合系,指揮命令系統
kitami,キタミ式 令和08年,data/kitami/index-943.json,943,2,3,事業紙続計画,822,用語の読み取り候補が不一致,事業慈計画,事業紙続計画
kitami,キタミ式 令和08年,data/kitami/index-943.json,943,2,5,事業部制組織,359,ページ認識の確度 / 用語の読み取り候補が不一致,事業部制组,事業部制組織
kitami,キタミ式 令和08年,data/kitami/index-943.json,943,2,6,字句解析,"115,360",ページ認識の確度,字句解析,字句解析
kitami,キタミ式 令和08年,data/kitami/index-943.json,943,2,7,シグネチャファイル,634,ページ認識の確度,,シグネチャファイル
kitami,キタミ式 令和08年,data/kitami/index-943.json,943,2,8,シグマ,84,ページ認識の確度,,シグマ
kitami,キタミ式 令和08年,data/kitami/index-943.json,943,2,9,目己資本利益率,"926,932",用語の読み取り候補が不一致,自己資本利益率,目己資本利益率
kitami,キタミ式 令和08年,data/kitami/index-943.json,943,2,10,自己伝染機能,631,用語の読み取り候補が不一致,自己位染機能,自己伝染機能
kitami,キタミ式 令和08年,data/kitami/index-943.json,943,2,11,事余,70,ページ認識の確度 / 用語の読み取り候補が不一致,事余,FRsevenccncances
kitami,キタミ式 令和08年,data/kitami/index-943.json,943,2,13,システムLSIに,"156,157",用語の読み取り候補が不一致,LS,システムLSIに
kitami,キタミ式 令和08年,data/kitami/index-943.json,943,2,14,システム開発,668,用語の読み取り候補が不一致,開,システム開発
kitami,キタミ式 令和08年,data/kitami/index-943.json,943,2,15,システム化計画,670,用語の読み取り候補が不一致,化計画,システム化計画
kitami,キタミ式 令和08年,data/kitami/index-943.json,943,2,16,システム監査,826,用語の読み取り候補が不一致,监查,システム監査
kitami,キタミ式 令和08年,data/kitami/index-943.json,943,2,17,监查手顺,829,用語の読み取り候補が不一致,监查手顺,VATLEROFR
kitami,キタミ式 令和08年,data/kitami/index-943.json,943,2,18,システム構成,756,用語の読み取り候補が不一致,成,システム構成
kitami,キタミ式 令和08年,data/kitami/index-943.json,943,2,20,システムに必要なお金,791,用語の読み取り候補が不一致,要金,システムに必要なお金
kitami,キタミ式 令和08年,data/kitami/index-943.json,943,2,21,の可监查性,830,用語の読み取り候補が不一致,の可监查性,YAFLOTEREcece
kitami,キタミ式 令和08年,data/kitami/index-943.json,943,2,22,システムの性能指禁,768,ページ認識の確度 / 用語の読み取り候補が不一致,性能指標,システムの性能指禁
kitami,キタミ式 令和08年,data/kitami/index-943.json,943,2,25,システムを止めない工夫,774,用語の読み取り候補が不一致,止夫,システムを止めない工夫
kitami,キタミ式 令和08年,data/kitami/index-943.json,943,2,26,自然言語,112,用語の読み取り候補が不一致,自然言語,BASEPT
kitami,キタミ式 令和08年,data/kitami/index-943.json,943,2,27,実記憶管理,317,用語の読み取り候補が不一致,实記憶管理,実記憶管理
kitami,キタミ式 令和08年,data/kitami/index-943.json,943,2,29,実効アクセス時間…RT,219,用語の読み取り候補が不一致,時間,実効アクセス時間…RT
kitami,キタミ式 令和08年,data/kitami/index-943.json,943,2,30,実行アドレス,178,用語の読み取り候補が不一致,寒行,実行アドレス
kitami,キタミ式 令和08年,data/kitami/index-943.json,943,2,31,実行可能状態,296,用語の読み取り候補が不一致,实行可能状態,実行可能状態
kitami,キタミ式 令和08年,data/kitami/index-943.json,943,2,32,実行状態,296,用語の読み取り候補が不一致,实行状慈,実行状態
kitami,キタミ式 令和08年,data/kitami/index-943.json,943,2,33,实行速度,520,用語の読み取り候補が不一致,实行速度,RRLneces
kitami,キタミ式 令和08年,data/kitami/index-943.json,943,2,36,実用新案権,892,用語の読み取り候補が不一致,实用新案,実用新案権
kitami,キタミ式 令和08年,data/kitami/index-943.json,943,2,38,指標アドレス指定方式,181,用語の読み取り候補が不一致,指標指定方式,指標アドレス指定方式
kitami,キタミ式 令和08年,data/kitami/index-943.json,943,2,39,指標レジスタ|,172,用語の読み取り候補が不一致,指,指標レジスタ|
kitami,キタミ式 令和08年,data/kitami/index-943.json,943,2,42,氏名表示権,891,用語の読み取り候補が不一致,氏名表示,氏名表示権
kitami,キタミ式 令和08年,data/kitami/index-943.json,943,2,46,ジャストインタイム生産方式,"918,924",用語の読み取り候補が不一致,生方式,ジャストインタイム生産方式
kitami,キタミ式 令和08年,data/kitami/index-943.json,943,2,48,社内ベンチャー制組織,860,用語の読み取り候補が不一致,社内于制組,社内ベンチャー制組織
kitami,キタミ式 令和08年,data/kitami/index-943.json,943,2,51,集合図数,466,用語の読み取り候補が不一致,集合阅数,集合図数
kitami,キタミ式 令和08年,data/kitami/index-943.json,943,2,52,终端配号,113,ページ認識の確度 / 用語の読み取り候補が不一致,终端配号,BRSee
kitami,キタミ式 令和08年,data/kitami/index-943.json,943,2,53,終端抵抗,260,ページ認識の確度 / 用語の読み取り候補が不一致,终端抵抗,終端抵抗
kitami,キタミ式 令和08年,data/kitami/index-943.json,943,2,54,集中処理,"514,758",用語の読み取り候補が不一致,集中处理,集中処理
kitami,キタミ式 令和08年,data/kitami/index-944.json,944,1,1,出向在約,"886,887",用語の読み取り候補が不一致,出向契約,出向在約
kitami,キタミ式 令和08年,data/kitami/index-944.json,944,1,2,出力处理,723,ページ認識の確度 / 用語の読み取り候補が不一致,出力处理,LAME
kitami,キタミ式 令和08年,data/kitami/index-944.json,944,1,4,シュリンクラップ契約,902,用語の読み取り候補が不一致,契约,シュリンクラップ契約
kitami,キタミ式 令和08年,data/kitami/index-944.json,944,1,5,準委任契約,"886,887",用語の読み取り候補が不一致,举委任契,準委任契約
kitami,キタミ式 令和08年,data/kitami/index-944.json,944,1,6,巡回助長查,"535,539",用語の読み取り候補が不一致,巡回助長查,WORRAR
kitami,キタミ式 令和08年,data/kitami/index-944.json,944,1,7,循環小数,45,ページ認識の確度 / 用語の読み取り候補が不一致,循璟小数,循環小数
kitami,キタミ式 令和08年,data/kitami/index-944.json,944,1,9,顺次造,"365,375",用語の読み取り候補が不一致,顺次造,RETTYTTTTUTTTYUTTUTUTTUTTUTUTLYUUTTTUTYTT
kitami,キタミ式 令和08年,data/kitami/index-944.json,944,1,10,顺序回路,142,用語の読み取り候補が不一致,顺序回路,Graz
kitami,キタミ式 令和08年,data/kitami/index-944.json,944,1,12,順列,74,ページ認識の確度,顺列,順列
kitami,キタミ式 令和08年,data/kitami/index-944.json,944,1,15,条件付き確率,79,ページ認識の確度,条件付老確率,条件付き確率
kitami,キタミ式 令和08年,data/kitami/index-944.json,944,1,16,条件網耀,748,用語の読み取り候補が不一致,条件網耀,Rr
kitami,キタミ式 令和08年,data/kitami/index-944.json,944,1,17,条件を組み合わせて抽出する,461,用語の読み取り候補が不一致,条件组合抽出,条件を組み合わせて抽出する
kitami,キタミ式 令和08年,data/kitami/index-944.json,944,1,19,状態マジン,737,用語の読み取り候補が不一致,状,状態マジン
kitami,キタミ式 令和08年,data/kitami/index-944.json,944,1,20,申度センサ,161,ページ認識の確度,照度,申度センサ
kitami,キタミ式 令和08年,data/kitami/index-944.json,944,1,22,商標,892,用語の読み取り候補が不一致,商標,BREmococcccansconcscccs
kitami,キタミ式 令和08年,data/kitami/index-944.json,944,1,23,商品アイテムコ,269,用語の読み取り候補が不一致,商品,商品アイテムコ
kitami,キタミ式 令和08年,data/kitami/index-944.json,944,1,24,情報隐蔽,728,用語の読み取り候補が不一致,情報隐蔽,{BRS
kitami,キタミ式 令和08年,data/kitami/index-944.json,944,1,26,情報資産,606,用語の読み取り候補が不一致,情報資產,情報資産
kitami,キタミ式 令和08年,data/kitami/index-944.json,944,1,27,情報セキュリティ,606,用語の読み取り候補が不一致,情報,情報セキュリティ
kitami,キタミ式 令和08年,data/kitami/index-944.json,944,1,28,情報セキュリティ監想,826,用語の読み取り候補が不一致,情報查,情報セキュリティ監想
kitami,キタミ式 令和08年,data/kitami/index-944.json,944,1,29,情報セキュリティの3要素,608,用語の読み取り候補が不一致,情の3要,情報セキュリティの3要素
kitami,キタミ式 令和08年,data/kitami/index-944.json,944,1,30,情報セキュリティの7委素,609,用語の読み取り候補が不一致,情報要素,情報セキュリティの7委素
kitami,キタミ式 令和08年,data/kitami/index-944.json,944,1,31,情報セキュリティ方針,610,用語の読み取り候補が不一致,情報方针,情報セキュリティ方針
kitami,キタミ式 令和08年,data/kitami/index-944.json,944,1,32,情報セキュリティマネジメントシステム,607,用語の読み取り候補が不一致,情,情報セキュリティマネジメントシステム
kitami,キタミ式 令和08年,data/kitami/index-944.json,944,1,34,情報控供依頼書,675,用語の読み取り候補が不一致,情報提供依赖書,情報控供依頼書
kitami,キタミ式 令和08年,data/kitami/index-944.json,944,1,35,乗法定理,78,ページ認識の確度 / 用語の読み取り候補が不一致,乘法定理,乗法定理
kitami,キタミ式 令和08年,data/kitami/index-944.json,944,1,36,情報的強度,724,用語の読み取り候補が不一致,情報的强度,情報的強度
kitami,キタミ式 令和08年,data/kitami/index-944.json,944,1,37,情報に関する理論,96,ページ認識の確度,情報仁关寸各理,情報に関する理論
kitami,キタミ式 令和08年,data/kitami/index-944.json,944,1,38,情報表現規約anene:,870,ページ認識の確度 / 用語の読み取り候補が不一致,情報表現规豹,情報表現規約anene:
kitami,キタミ式 令和08年,data/kitami/index-944.json,944,1,39,情報量,98,ページ認識の確度,情報量,情報量
kitami,キタミ式 令和08年,data/kitami/index-944.json,944,1,44,職能別組織,859,用語の読み取り候補が不一致,曦能别组藏,職能別組織
kitami,キタミ式 令和08年,data/kitami/index-944.json,944,1,45,職務和著作,893,用語の読み取り候補が不一致,務著作,職務和著作
kitami,キタミ式 令和08年,data/kitami/index-944.json,944,1,53,BenLbcweteaciesabedbonsconsピト,656,用語の読み取り候補が不一致,署名,BenLbcweteaciesabedbonsconsピト
kitami,キタミ式 令和08年,data/kitami/index-944.json,944,1,54,処理時間順方式,301,用語の読み取り候補が不一致,处理时間顺方式,処理時間順方式
kitami,キタミ式 令和08年,data/kitami/index-944.json,944,1,57,リアルバス,253,ページ認識の確度,,リアルバス
kitami,キタミ式 令和08年,data/kitami/index-944.json,944,1,58,リアル方式外部バスインタフェース,262,用語の読み取り候補が不一致,方式外部,リアル方式外部バスインタフェース
kitami,キタミ式 令和08年,data/kitami/index-944.json,944,2,5,人的資源管理,802,用語の読み取り候補が不一致,人的資源管理,ADRS
kitami,キタミ式 令和08年,data/kitami/index-944.json,944,2,8,親和図法,"841,847",用語の読み取り候補が不一致,親和法,親和図法
kitami,キタミ式 令和08年,data/kitami/index-944.json,944,2,9,"垂直バリティpenseese,",537,用語の読み取り候補が不一致,垂,"垂直バリティpenseese,"
kitami,キタミ式 令和08年,data/kitami/index-944.json,944,2,11,水平垂U,537,用語の読み取り候補が不一致,水平垂U,KFRENUT+ences:
kitami,キタミ式 令和08年,data/kitami/index-944.json,944,2,13,数值計算,64,用語の読み取り候補が不一致,数值計算,SANEwec
kitami,キタミ式 令和08年,data/kitami/index-944.json,944,2,14,数值表现,30,用語の読み取り候補が不一致,数值表现,BRRCTCDTD
kitami,キタミ式 令和08年,data/kitami/index-944.json,944,2,22,スケールアウト,764,用語の読み取り候補が不一致,一,スケールアウト
kitami,キタミ式 令和08年,data/kitami/index-944.json,944,2,24,スケジュール管理,806,用語の読み取り候補が不一致,管理,スケジュール管理
kitami,キタミ式 令和08年,data/kitami/index-944.json,944,2,25,スケジュール短縮,813,用語の読み取り候補が不一致,短缩,スケジュール短縮
kitami,キタミ式 令和08年,data/kitami/index-944.json,944,2,26,スコープ管理,802,用語の読み取り候補が不一致,理,スコープ管理
kitami,キタミ式 令和08年,data/kitami/index-944.json,944,2,37,ストライビング,240,ページ認識の確度,,ストライビング
kitami,キタミ式 令和08年,data/kitami/index-944.json,944,2,44,スリーディプリンタ,276,用語の読み取り候補が不一致,U,スリーディプリンタ
kitami,キタミ式 令和08年,data/kitami/index-944.json,944,2,49,正規表現,110,ページ認識の確度 / 用語の読み取り候補が不一致,正规表現,正規表現
kitami,キタミ式 令和08年,data/kitami/index-944.json,944,2,50,正規分布,84,ページ認識の確度 / 用語の読み取り候補が不一致,正规分布,正規分布
kitami,キタミ式 令和08年,data/kitami/index-944.json,944,2,51,制御結合,725,用語の読み取り候補が不一致,制御结合,制御結合
kitami,キタミ式 令和08年,data/kitami/index-944.json,944,2,52,制御揚千,365,用語の読み取り候補が不一致,制御造,制御揚千
kitami,キタミ式 令和08年,data/kitami/index-944.json,944,2,54,制御プログラム,282,用語の読み取り候補が不一致,制御,制御プログラム
kitami,キタミ式 令和08年,data/kitami/index-945.json,945,1,1,生成規則,113,用語の読み取り候補が不一致,生成规则,生成規則
kitami,キタミ式 令和08年,data/kitami/index-945.json,945,1,2,製造物責任法,006,用語の読み取り候補が不一致,裂造物賣任法,製造物責任法
kitami,キタミ式 令和08年,data/kitami/index-945.json,945,1,4,生体康証,621,用語の読み取り候補が不一致,生体证,生体康証
kitami,キタミ式 令和08年,data/kitami/index-945.json,945,1,5,静的变数,369,用語の読み取り候補が不一致,静的变数,OVERCOUT
kitami,キタミ式 令和08年,data/kitami/index-945.json,945,1,9,整列アルゴリズム,418,用語の読み取り候補が不一致,整列U,整列アルゴリズム
kitami,キタミ式 令和08年,data/kitami/index-945.json,945,1,11,集合,53,用語の読み取り候補が不一致,集合,ARSeecsaee
kitami,キタミ式 令和08年,data/kitami/index-945.json,945,1,12,責任追跡性,609,用語の読み取り候補が不一致,责任追性,責任追跡性
kitami,キタミ式 令和08年,data/kitami/index-945.json,945,1,13,積の法則1,"72,73",用語の読み取り候補が不一致,の法则,積の法則1
kitami,キタミ式 令和08年,data/kitami/index-945.json,945,1,17,セキュリティ対策,640,用語の読み取り候補が不一致,对策,セキュリティ対策
kitami,キタミ式 令和08年,data/kitami/index-945.json,945,1,22,節,393,用語が欠落または短い / 用語認識の確度,節,
kitami,キタミ式 令和08年,data/kitami/index-945.json,945,1,24,接続形態,507,用語の読み取り候補が不一致,接形態,接続形態
kitami,キタミ式 令和08年,data/kitami/index-945.json,945,1,25,折,750,用語が欠落または短い / 用語の読み取り候補が不一致,折,HRTAr
kitami,キタミ式 令和08年,data/kitami/index-945.json,945,1,28,セットアソシアティブ方式,221,用語の読み取り候補が不一致,方式,セットアソシアティブ方式
kitami,キタミ式 令和08年,data/kitami/index-945.json,945,1,31,セマフォ変数,310,用語の読み取り候補が不一致,数,セマフォ変数
kitami,キタミ式 令和08年,data/kitami/index-945.json,945,1,33,セルリレー方式,506,用語の読み取り候補が不一致,方式,セルリレー方式
kitami,キタミ式 令和08年,data/kitami/index-945.json,945,1,34,ゼロデイ攻撃,624,用語の読み取り候補が不一致,口攻,ゼロデイ攻撃
kitami,キタミ式 令和08年,data/kitami/index-945.json,945,1,35,全加算器,"145,148",用語の読み取り候補が不一致,全加算器,SNHee
kitami,キタミ式 令和08年,data/kitami/index-945.json,945,1,36,線形探索法,"403,404",用語の読み取り候補が不一致,粮形探索法,線形探索法
kitami,キタミ式 令和08年,data/kitami/index-945.json,945,1,39,センサ,161,ページ認識の確度,,センサ
kitami,キタミ式 令和08年,data/kitami/index-945.json,945,1,40,全数調査,83,用語の読み取り候補が不一致,全数调查,全数調査
kitami,キタミ式 令和08年,data/kitami/index-945.json,945,1,45,選択ソート,416,ページ認識の確度,,選択ソート
kitami,キタミ式 令和08年,data/kitami/index-945.json,945,1,47,全般統制,827,用語の読み取り候補が不一致,全般制,全般統制
kitami,キタミ式 令和08年,data/kitami/index-945.json,945,1,49,専門能力,828,用語の読み取り候補が不一致,李門能力,専門能力
kitami,キタミ式 令和08年,data/kitami/index-945.json,945,1,50,専用回線方式,505,用語の読み取り候補が不一致,专用回線方式,専用回線方式
kitami,キタミ式 令和08年,data/kitami/index-945.json,945,1,53,総合テスト,745,用語の読み取り候補が不一致,合,総合テスト
kitami,キタミ式 令和08年,data/kitami/index-945.json,945,1,54,相互作用概要図,737,用語の読み取り候補が不一致,相互作用概要网,相互作用概要図
kitami,キタミ式 令和08年,data/kitami/index-945.json,945,1,55,相互作用図,737,用語の読み取り候補が不一致,相互作用网,相互作用図
kitami,キタミ式 令和08年,data/kitami/index-945.json,945,1,56,走査順序,399,用語の読み取り候補が不一致,走查顺序,走査順序
kitami,キタミ式 令和08年,data/kitami/index-945.json,945,1,57,崧資本利益率,"926,932",用語の読み取り候補が不一致,崧資本利益率,RAHAR
kitami,キタミ式 令和08年,data/kitami/index-945.json,945,2,1,増分バックアップ,797,用語の読み取り候補が不一致,增,増分バックアップ
kitami,キタミ式 令和08年,data/kitami/index-945.json,945,2,3,双方向リスト,385,ページ認識の確度,双方向卜,双方向リスト
kitami,キタミ式 令和08年,data/kitami/index-945.json,945,2,4,相補演算,57,ページ認識の確度,相補演算,相補演算
kitami,キタミ式 令和08年,data/kitami/index-945.json,945,2,6,ソーシャルエンジニアリング,623,用語の読み取り候補が不一致,y,ソーシャルエンジニアリング
kitami,キタミ式 令和08年,data/kitami/index-945.json,945,2,7,ソースコードの共同所有,695,用語の読み取り候補が不一致,共同所有,ソースコードの共同所有
kitami,キタミ式 令和08年,data/kitami/index-945.json,945,2,8,属性ee—,727,用語の読み取り候補が不一致,属性,属性ee—
kitami,キタミ式 令和08年,data/kitami/index-945.json,945,2,9,即値アドレス指定方式,179,用語の読み取り候補が不一致,即值指定方式,即値アドレス指定方式
kitami,キタミ式 令和08年,data/kitami/index-945.json,945,2,10,陈结合型,204,用語の読み取り候補が不一致,陈结合型,RSWee
kitami,キタミ式 令和08年,data/kitami/index-945.json,945,2,11,疎結合マルチプロセッサ…essee,204,ページ認識の確度 / 用語の読み取り候補が不一致,結,疎結合マルチプロセッサ…essee
kitami,キタミ式 令和08年,data/kitami/index-945.json,945,2,13,ソフトウェアによる自動化…concen,285,用語の読み取り候補が不一致,自,ソフトウェアによる自動化…concen
kitami,キタミ式 令和08年,data/kitami/index-945.json,945,2,14,ソフトウェアの分類,281,用語の読み取り候補が不一致,分類,ソフトウェアの分類
kitami,キタミ式 令和08年,data/kitami/index-945.json,945,2,16,損益計算書…eevee:,"924,930",用語の読み取り候補が不一致,损益汁算,損益計算書…eevee:
kitami,キタミ式 令和08年,data/kitami/index-945.json,945,2,17,損益分岐点…somass,"912,914",用語の読み取り候補が不一致,损益分岐点,損益分岐点…somass
kitami,キタミ式 令和08年,data/kitami/index-945.json,945,2,18,損益分岐点売上高,913,用語の読み取り候補が不一致,损益分岐点壳上高,損益分岐点売上高
kitami,キタミ式 令和08年,data/kitami/index-945.json,945,2,19,ターミネータ,260,ページ認識の確度,夕一三一夕,ターミネータ
kitami,キタミ式 令和08年,data/kitami/index-945.json,945,2,20,ターンアラウンドタイム,"768,770",用語の読み取り候補が不一致,夕,ターンアラウンドタイム
kitami,キタミ式 令和08年,data/kitami/index-945.json,945,2,22,大域変数,368,ページ認識の確度 / 用語の読み取り候補が不一致,大域变数,大域変数
kitami,キタミ式 令和08年,data/kitami/index-945.json,945,2,23,待機状態,296,ページ認識の確度 / 用語の読み取り候補が不一致,待機状慈,待機状態
kitami,キタミ式 令和08年,data/kitami/index-945.json,945,2,25,退行テスト,751,ページ認識の確度,退行下,退行テスト
kitami,キタミ式 令和08年,data/kitami/index-945.json,945,2,26,第3正規形,"450,455",用語の読み取り候補が不一致,第3正规形,第3正規形
kitami,キタミ式 令和08年,data/kitami/index-945.json,945,2,27,貸借対照表,"922,928",用語の読み取り候補が不一致,貨借对照表,貸借対照表
kitami,キタミ式 令和08年,data/kitami/index-945.json,945,2,28,对象集合,53,ページ認識の確度 / 用語の読み取り候補が不一致,对象集合,WRERSTTYTTTTTTTT
kitami,キタミ式 令和08年,data/kitami/index-945.json,945,2,30,対数oooeeooeoeoSeeもSeもさららるるるSGも6もる6る,66,用語の読み取り候補が不一致,对数,対数oooeeooeoeoSeeもSeもさららるるるSGも6もる6る
kitami,キタミ式 令和08年,data/kitami/index-945.json,945,2,32,第2正規形…oe,"450,454",用語の読み取り候補が不一致,第2正规形,第2正規形…oe
kitami,キタミ式 令和08年,data/kitami/index-945.json,945,2,33,代表的な,284,ページ認識の確度,代表的,代表的な
kitami,キタミ式 令和08年,data/kitami/index-945.json,945,2,34,代表的な言語ances:s,353,用語の読み取り候補が不一致,代表的言語,代表的な言語ances:s
kitami,キタミ式 令和08年,data/kitami/index-945.json,945,2,35,タイマ割込み,305,用語の読み取り候補が不一致,割,タイマ割込み
kitami,キタミ式 令和08年,data/kitami/index-945.json,945,2,39,耐用年数1esse,917,用語の読み取り候補が不一致,耐用年数,耐用年数1esse
kitami,キタミ式 令和08年,data/kitami/index-945.json,945,2,42,ダイレクトマッピング方式,220,用語の読み取り候補が不一致,方式,ダイレクトマッピング方式
kitami,キタミ式 令和08年,data/kitami/index-945.json,945,2,43,对话型处理,761,用語の読み取り候補が不一致,对话型处理,WWMw
kitami,キタミ式 令和08年,data/kitami/index-945.json,945,2,45,多重区南方式,318,用語の読み取り候補が不一致,多重区面方式,多重区南方式
kitami,キタミ式 令和08年,data/kitami/index-945.json,945,2,46,SHIOFSング,302,用語の読み取り候補が不一致,多,SHIOFSング
kitami,キタミ式 令和08年,data/kitami/index-945.json,945,2,53,タスクの状態居移,296,用語の読み取り候補が不一致,の状悲移,タスクの状態居移
kitami,キタミ式 令和08年,data/kitami/index-945.json,945,2,54,タスクの排他,308,用語の読み取り候補が不一致,排他,タスクの排他
kitami,キタミ式 令和08年,data/kitami/index-945.json,945,2,56,タッチバネル,267,用語の読み取り候補が不一致,夕,タッチバネル
kitami,キタミ式 令和08年,data/kitami/index-946.json,946,1,2,単一区画方式,318,用語の読み取り候補が不一致,单一区画方式,単一区画方式
kitami,キタミ式 令和08年,data/kitami/index-946.json,946,1,3,探索回数での,410,ページ認識の確度,探索回数,探索回数での
kitami,キタミ式 令和08年,data/kitami/index-946.json,946,1,4,単純マルコフ骨程-me,80,ページ認識の確度 / 用語の読み取り候補が不一致,单程,単純マルコフ骨程-me
kitami,キタミ式 令和08年,data/kitami/index-946.json,946,1,7,単方向リスト,385,ページ認識の確度,单方向U,単方向リスト
kitami,キタミ式 令和08年,data/kitami/index-946.json,946,1,8,チェイン法,607,用語の読み取り候補が不一致,法,チェイン法
kitami,キタミ式 令和08年,data/kitami/index-946.json,946,1,9,チェックサム,538,ページ認識の確度 / 用語の読み取り候補が不一致,于,チェックサム
kitami,キタミ式 令和08年,data/kitami/index-946.json,946,1,13,チェックボックス,708,用語の読み取り候補が不一致,于,チェックボックス
kitami,キタミ式 令和08年,data/kitami/index-946.json,946,1,14,次制御方式,168,用語の読み取り候補が不一致,逐次制御方式,次制御方式
kitami,キタミ式 令和08年,data/kitami/index-946.json,946,1,18,中央処理装置acacsoee:ee,167,用語の読み取り候補が不一致,中央处理装置,中央処理装置acacsoee:ee
kitami,キタミ式 令和08年,data/kitami/index-946.json,946,1,19,抽出,461,用語の読み取り候補が不一致,抽出,wetsenecreccancser
kitami,キタミ式 令和08年,data/kitami/index-946.json,946,1,20,調達管理,802,用語の読み取り候補が不一致,调達管理,調達管理
kitami,キタミ式 令和08年,data/kitami/index-946.json,946,1,22,Gm Anca e een e,439,補完した行を要確認,,Gm Anca e een e 
kitami,キタミ式 令和08年,data/kitami/index-946.json,946,1,23,直接アドレス指定方式,179,用語の読み取り候補が不一致,直接指定方式,直接アドレス指定方式
kitami,キタミ式 令和08年,data/kitami/index-946.json,946,1,24,直接制御方式…,254,ページ認識の確度 / 用語の読み取り候補が不一致,查接制御方式,直接制御方式…
kitami,キタミ式 令和08年,data/kitami/index-946.json,946,1,26,直列につながっているシステム,784,ページ認識の確度 / 用語の読み取り候補が不一致,列,直列につながっているシステム
kitami,キタミ式 令和08年,data/kitami/index-946.json,946,1,28,著作権の帰属先,68,ページ認識の確度 / 用語の読み取り候補が不一致,著作棍の师属先,著作権の帰属先
kitami,キタミ式 令和08年,data/kitami/index-946.json,946,1,29,著作者人格棒…scene,891,用語の読み取り候補が不一致,著作者人格,著作者人格棒…scene
kitami,キタミ式 令和08年,data/kitami/index-946.json,946,1,30,通常ファイル,346,用語の読み取り候補が不一致,通常,通常ファイル
kitami,キタミ式 令和08年,data/kitami/index-946.json,946,1,33,釣鐘状,84,ページ認識の確度,的鐘状,釣鐘状
kitami,キタミ式 令和08年,data/kitami/index-946.json,946,1,34,提案依頼書,675,用語の読み取り候補が不一致,提案依類書,提案依頼書
kitami,キタミ式 令和08年,data/kitami/index-946.json,946,1,37,定義ファイル・,634,用語の読み取り候補が不一致,定,定義ファイル・
kitami,キタミ式 令和08年,data/kitami/index-946.json,946,1,42,ディスバッチャ・,298,用語の読み取り候補が不一致,于,ディスバッチャ・
kitami,キタミ式 令和08年,data/kitami/index-946.json,946,1,44,ディスプレイの種類…FT,271,用語の読み取り候補が不一致,種類,ディスプレイの種類…FT
kitami,キタミ式 令和08年,data/kitami/index-946.json,946,1,46,ディレクトリトラバーサル攻撃,625,用語の読み取り候補が不一致,攻,ディレクトリトラバーサル攻撃
kitami,キタミ式 令和08年,data/kitami/index-946.json,946,1,47,aesSeacvees,727,英字の用語が不鮮明 / ページ認識の確度,,aesSeacvees
kitami,キタミ式 令和08年,data/kitami/index-946.json,946,2,1,データ操作言語,457,ページ認識の確度,于一夕操作言语,データ操作言語
kitami,キタミ式 令和08年,data/kitami/index-946.json,946,2,6,データフローダイアグラム,700,用語の読み取り候補が不一致,夕,データフローダイアグラム
kitami,キタミ式 令和08年,data/kitami/index-946.json,946,2,9,データベースの設計,440,用語の読み取り候補が不一致,一夕の,データベースの設計
kitami,キタミ式 令和08年,data/kitami/index-946.json,946,2,12,データを整列させるアルゴリズム,414,用語の読み取り候補が不一致,整列,データを整列させるアルゴリズム
kitami,キタミ式 令和08年,data/kitami/index-946.json,946,2,13,データを探索するアルゴリズム,403,用語の読み取り候補が不一致,一夕探,データを探索するアルゴリズム
kitami,キタミ式 令和08年,data/kitami/index-946.json,946,2,14,テキスト形式,594,用語の読み取り候補が不一致,形式,テキスト形式
kitami,キタミ式 令和08年,data/kitami/index-946.json,946,2,19,デジタルカメラ,268,ページ認識の確度,,デジタルカメラ
kitami,キタミ式 令和08年,data/kitami/index-946.json,946,2,20,デジタル賭名,"650,656",用語の読み取り候補が不一致,署名,デジタル賭名
kitami,キタミ式 令和08年,data/kitami/index-946.json,946,2,21,デジタルデータ,120,ページ認識の確度 / 用語の読み取り候補が不一致,一夕,デジタルデータ
kitami,キタミ式 令和08年,data/kitami/index-946.json,946,2,22,手順的強度,724,ページ認識の確度 / 用語の読み取り候補が不一致,手顺的强度,手順的強度
kitami,キタミ式 令和08年,data/kitami/index-946.json,946,2,24,テストカバレージ分析ツール,749,用語の読み取り候補が不一致,分析,テストカバレージ分析ツール
kitami,キタミ式 令和08年,data/kitami/index-946.json,946,2,26,テスト支援ツール,749,用語の読み取り候補が不一致,支援,テスト支援ツール
kitami,キタミ式 令和08年,data/kitami/index-946.json,946,2,27,テストテータの決めごと,747,用語の読み取り候補が不一致,一夕決,テストテータの決めごと
kitami,キタミ式 令和08年,data/kitami/index-946.json,946,2,30,ッドロック,"312,487",用語の読み取り候補が不一致,y,ッドロック
kitami,キタミ式 令和08年,data/kitami/index-946.json,946,2,40,点,87,用語が欠落または短い / ページ認識の確度,点,ee
kitami,キタミ式 令和08年,data/kitami/index-946.json,946,2,41,電荷結素子,268,用語の読み取り候補が不一致,電荷結合秦子,電荷結素子
kitami,キタミ式 令和08年,data/kitami/index-946.json,946,2,42,電子計算機損壊等業務妨害,906,用語の読み取り候補が不一致,電子叶算機损袋等業務妨害,電子計算機損壊等業務妨害
kitami,キタミ式 令和08年,data/kitami/index-946.json,946,2,43,電子署名法,656,用語の読み取り候補が不一致,電子著名法,電子署名法
kitami,キタミ式 令和08年,data/kitami/index-946.json,946,2,45,電子メールソフト,586,用語の読み取り候補が不一致,電子,電子メールソフト
kitami,キタミ式 令和08年,data/kitami/index-946.json,946,2,46,電子商取引,868,用語の読み取り候補が不一致,電子商取引1,電子商取引
kitami,キタミ式 令和08年,data/kitami/index-946.json,946,2,47,伝送効率,520,用語の読み取り候補が不一致,运送劲率,伝送効率
kitami,キタミ式 令和08年,data/kitami/index-946.json,946,2,48,同一性保持,891,用語の読み取り候補が不一致,同一性保持,ERIS
kitami,キタミ式 令和08年,data/kitami/index-946.json,946,2,50,投機実行,197,用語の読み取り候補が不一致,投機实行,投機実行
kitami,キタミ式 令和08年,data/kitami/index-946.json,946,2,52,統計,83,ページ認識の確度,統計,統計
kitami,キタミ式 令和08年,data/kitami/index-946.json,946,2,54,同値分害,747,用語の読み取り候補が不一致,同值分割,同値分害
kitami,キタミ式 令和08年,data/kitami/index-946.json,946,2,55,到着顺方式,298,用語の読み取り候補が不一致,到着顺方式,EVGARCCCHTDRECTee
kitami,キタミ式 令和08年,data/kitami/index-946.json,946,2,56,盗,651,用語が欠落または短い / 用語の読み取り候補が不一致,盗,Fisted
kitami,キタミ式 令和08年,data/kitami/index-946.json,946,2,57,動的アドレス変換機構,332,用語の読み取り候補が不一致,動的变换機,動的アドレス変換機構
kitami,キタミ式 令和08年,data/kitami/index-946.json,946,2,58,動的ヒューリスティック法,635,用語の読み取り候補が不一致,動的法,動的ヒューリスティック法
kitami,キタミ式 令和08年,data/kitami/index-946.json,946,2,59,動的変数,369,用語の読み取り候補が不一致,動的变数,動的変数
kitami,キタミ式 令和08年,data/kitami/index-946.json,946,2,60,動的優先順位方式,299,用語の読み取り候補が不一致,動的優先顺位方式,動的優先順位方式
kitami,キタミ式 令和08年,data/kitami/index-947.json,947,1,1,動的リンク,36,ページ認識の確度,動的>,動的リンク
kitami,キタミ式 令和08年,data/kitami/index-947.json,947,1,4,トークンバッシング方式,51,用語の読み取り候補が不一致,方式,トークンバッシング方式
kitami,キタミ式 令和08年,data/kitami/index-947.json,947,1,6,通付顺,40,用語の読み取り候補が不一致,通付顺,BODeemee
kitami,キタミ式 令和08年,data/kitami/index-947.json,947,1,7,特殊な言語プロセ,35,用語の読み取り候補が不一致,特殊,特殊な言語プロセ
kitami,キタミ式 令和08年,data/kitami/index-947.json,947,1,8,特殊ファイル,34,用語の読み取り候補が不一致,特殊,特殊ファイル
kitami,キタミ式 令和08年,data/kitami/index-947.json,947,1,9,特性要因図,"847,85",用語の読み取り候補が不一致,特性要因区,特性要因図
kitami,キタミ式 令和08年,data/kitami/index-947.json,947,1,10,特定電気遂信役務提供者…emem,90,用語の読み取り候補が不一致,特定電氛通信役務提供者,特定電気遂信役務提供者…emem
kitami,キタミ式 令和08年,data/kitami/index-947.json,947,1,12,特定のピットを取り出す,15,用語の読み取り候補が不一致,特定の卜取出,特定のピットを取り出す
kitami,キタミ式 令和08年,data/kitami/index-947.json,947,1,18,ドメイン名,"565,58",用語の読み取り候補が不一致,名,ドメイン名
kitami,キタミ式 令和08年,data/kitami/index-947.json,947,1,19,ドモルガンの法則・,5,ページ認識の確度 / 用語の読み取り候補が不一致,法则,ドモルガンの法則・
kitami,キタミ式 令和08年,data/kitami/index-947.json,947,1,24,トランザクション管理…eessece,48,用語の読み取り候補が不一致,管理,トランザクション管理…eessece
kitami,キタミ式 令和08年,data/kitami/index-947.json,947,1,25,トランザクション分割法,72,用語の読み取り候補が不一致,割法,トランザクション分割法
kitami,キタミ式 令和08年,data/kitami/index-947.json,947,1,27,取引基本規約,87,用語の読み取り候補が不一致,取引基本规豹,取引基本規約
kitami,キタミ式 令和08年,data/kitami/index-947.json,947,1,28,取引の形態,86,用語の読み取り候補が不一致,取引の形燃,取引の形態
kitami,キタミ式 令和08年,data/kitami/index-947.json,947,1,30,トロイの木馬,63,用語の読み取り候補が不一致,馬,トロイの木馬
kitami,キタミ式 令和08年,data/kitami/index-947.json,947,1,32,内部設計,68,用語の読み取り候補が不一致,内部设計,内部設計
kitami,キタミ式 令和08年,data/kitami/index-947.json,947,1,33,内部統制,82,用語の読み取り候補が不一致,内部制,内部統制
kitami,キタミ式 令和08年,data/kitami/index-947.json,947,1,35,内部制,30,用語の読み取り候補が不一致,内部制,PBBBHAdswensece
kitami,キタミ式 令和08年,data/kitami/index-947.json,947,1,44,入出力インタフェース,25,用語の読み取り候補が不一致,出,入出力インタフェース
kitami,キタミ式 令和08年,data/kitami/index-947.json,947,1,45,入出力制御方式,25,ページ認識の確度 / 用語の読み取り候補が不一致,入出力制方式,入出力制御方式
kitami,キタミ式 令和08年,data/kitami/index-947.json,947,1,46,入出,"250,26",用語の読み取り候補が不一致,入出,ALATFINIAeceespeasnas
kitami,キタミ式 令和08年,data/kitami/index-947.json,947,1,48,ニューメリックチェック,71,用語の読み取り候補が不一致,二,ニューメリックチェック
kitami,キタミ式 令和08年,data/kitami/index-947.json,947,1,50,入力処理,72,用語の読み取り候補が不一致,入力处理,入力処理
kitami,キタミ式 令和08年,data/kitami/index-947.json,947,1,51,入力ミスを判定するチェック方法,71,用語の読み取り候補が不一致,入力判定方法,入力ミスを判定するチェック方法
kitami,キタミ式 令和08年,data/kitami/index-947.json,947,1,54,根,39,用語が欠落または短い,根,
kitami,キタミ式 令和08年,data/kitami/index-947.json,947,1,56,ネットワークアドレス,55,用語の読み取り候補が不一致,部,ネットワークアドレス
kitami,キタミ式 令和08年,data/kitami/index-947.json,947,1,57,ネットワーク型,43,用語の読み取り候補が不一致,型,ネットワーク型
kitami,キタミ式 令和08年,data/kitami/index-947.json,947,2,2,ネットワークに潜む区威,606,用語の読み取り候補が不一致,威,ネットワークに潜む区威
kitami,キタミ式 令和08年,data/kitami/index-947.json,947,2,3,ネットワークの伝送速度,520,用語の読み取り候補が不一致,一送速度,ネットワークの伝送速度
kitami,キタミ式 令和08年,data/kitami/index-947.json,947,2,5,ネットワークを管理するプロトコル,567,用語の読み取り候補が不一致,管,ネットワークを管理するプロトコル
kitami,キタミ式 令和08年,data/kitami/index-947.json,947,2,6,ネットワークを要成する装置,523,用語の読み取り候補が不一致,卜一成装,ネットワークを要成する装置
kitami,キタミ式 令和08年,data/kitami/index-947.json,947,2,8,熟溶解積層方式,276,用語の読み取り候補が不一致,热溶解層方式,熟溶解積層方式
kitami,キタミ式 令和08年,data/kitami/index-947.json,947,2,10,能力成熟度毛亏儿统合,690,用語の読み取り候補が不一致,能力成熟度毛亏儿统合,HARAREIVESFTRTH
kitami,キタミ式 令和08年,data/kitami/index-947.json,947,2,12,ノンブリエンティブ方式,301,用語の読み取り候補が不一致,方式,ノンブリエンティブ方式
kitami,キタミ式 令和08年,data/kitami/index-947.json,947,2,13,ノンプリエンブプション,298,ページ認識の確度,,ノンプリエンブプション
kitami,キタミ式 令和08年,data/kitami/index-947.json,947,2,14,dPNOREDROSEOREOOEESEOSEOEREDEOREDEROR,393,英字の用語が不鮮明,,dPNOREDROSEOREOOEESEOSEOEREDEOREDEROR
kitami,キタミ式 令和08年,data/kitami/index-947.json,947,2,15,場合の数,"7,1",ページ認識の確度,場合の数,場合の数
kitami,キタミ式 令和08年,data/kitami/index-947.json,947,2,20,ハードウェア,281,用語の読み取り候補が不一致,八,ハードウェア
kitami,キタミ式 令和08年,data/kitami/index-947.json,947,2,22,ハードディスクの記憶容量,230,ページ認識の確度 / 用語の読み取り候補が不一致,八憶容量,ハードディスクの記憶容量
kitami,キタミ式 令和08年,data/kitami/index-947.json,947,2,23,ハードディスクの構造,228,用語の読み取り候補が不一致,造,ハードディスクの構造
kitami,キタミ式 令和08年,data/kitami/index-947.json,947,2,24,バイアス,35,ページ認識の確度,,バイアス
kitami,キタミ式 令和08年,data/kitami/index-947.json,947,2,25,バイオメトリクス認証,621,用語の読み取り候補が不一致,才,バイオメトリクス認証
kitami,キタミ式 令和08年,data/kitami/index-947.json,947,2,26,排他的論理和,"56,141",用語の読み取り候補が不一致,排他的理和,排他的論理和
kitami,キタミ式 令和08年,data/kitami/index-947.json,947,2,30,バイナリセマフォ,311,ページ認識の確度,,バイナリセマフォ
kitami,キタミ式 令和08年,data/kitami/index-947.json,947,2,32,バイプライン処理,"195,196",用語の読み取り候補が不一致,处理,バイプライン処理
kitami,キタミ式 令和08年,data/kitami/index-947.json,947,2,35,バグ,743,ページ認識の確度,八,バグ
kitami,キタミ式 令和08年,data/kitami/index-947.json,947,2,38,バケット交換方式,506,ページ認識の確度,卜交换方式,バケット交換方式
kitami,キタミ式 令和08年,data/kitami/index-947.json,947,2,40,バケットヘッダ,560,用語の読み取り候補が不一致,八夕,バケットヘッダ
kitami,キタミ式 令和08年,data/kitami/index-947.json,947,2,42,派遣契約,886,用語の読み取り候補が不一致,派契约,派遣契約
kitami,キタミ式 令和08年,data/kitami/index-947.json,947,2,44,八,250,用語が欠落または短い,八,NA
kitami,キタミ式 令和08年,data/kitami/index-947.json,947,2,46,八型,507,用語の読み取り候補が不一致,八型,NAWpeveovescesveccsveceesUL
kitami,キタミ式 令和08年,data/kitami/index-947.json,947,2,51,バスワードリスト攻撃,624,用語の読み取り候補が不一致,攻,バスワードリスト攻撃
kitami,キタミ式 令和08年,data/kitami/index-947.json,947,2,53,バターン表現,110,ページ認識の確度,夕表现,バターン表現
kitami,キタミ式 令和08年,data/kitami/index-947.json,947,2,55,バッカス・ナウア記法,116,ページ認識の確度 / 用語の読み取り候補が不一致,法,バッカス・ナウア記法
kitami,キタミ式 令和08年,data/kitami/index-947.json,947,2,56,バックアップ,"493,795",用語の読み取り候補が不一致,y,バックアップ
kitami,キタミ式 令和08年,data/kitami/index-947.json,947,2,58,パッケージ疫,737,用語の読み取り候補が不一致,一,パッケージ疫
kitami,キタミ式 令和08年,data/kitami/index-948.json,948,1,1,バッシブ型,270,用語の読み取り候補が不一致,型,バッシブ型
kitami,キタミ式 令和08年,data/kitami/index-948.json,948,1,2,ハッシコ関数,408,用語の読み取り候補が不一致,八数,ハッシコ関数
kitami,キタミ式 令和08年,data/kitami/index-948.json,948,1,3,ハッシュ値,657,ページ認識の確度,八值,ハッシュ値
kitami,キタミ式 令和08年,data/kitami/index-948.json,948,1,4,ハッシュ法,"403,408",用語の読み取り候補が不一致,法,ハッシュ法
kitami,キタミ式 令和08年,data/kitami/index-948.json,948,1,5,八手处理,761,用語の読み取り候補が不一致,八手处理,NyFMBPPemem
kitami,キタミ式 令和08年,data/kitami/index-948.json,948,1,6,発病機能,631,用語の読み取り候補が不一致,凳病機能,発病機能
kitami,キタミ式 令和08年,data/kitami/index-948.json,948,1,9,幅優先顺,399,用語の読み取り候補が不一致,幅優先顺,EIR
kitami,キタミ式 令和08年,data/kitami/index-948.json,948,1,10,八,529,用語が欠落または短い,八,ND
kitami,キタミ式 令和08年,data/kitami/index-948.json,948,1,12,八フマン符号化・,102,用語の読み取り候補が不一致,符号化,八フマン符号化・
kitami,キタミ式 令和08年,data/kitami/index-948.json,948,1,13,バブルソート,415,ページ認識の確度,,バブルソート
kitami,キタミ式 令和08年,data/kitami/index-948.json,948,1,14,ハミルトン閉路-上,89,ページ認識の確度 / 用語の読み取り候補が不一致,八阴路,ハミルトン閉路-上
kitami,キタミ式 令和08年,data/kitami/index-948.json,948,1,15,ハミング符号…rrrrr,540,用語の読み取り候補が不一致,符号,ハミング符号…rrrrr
kitami,キタミ式 令和08年,data/kitami/index-948.json,948,1,17,バラレル方式外部バスインタフェース,260,用語の読み取り候補が不一致,方式部,バラレル方式外部バスインタフェース
kitami,キタミ式 令和08年,data/kitami/index-948.json,948,1,18,バリティチェエック…TTYT,"535,536",用語の読み取り候補が不一致,U,バリティチェエック…TTYT
kitami,キタミ式 令和08年,data/kitami/index-948.json,948,1,19,バリティビット,536,ページ認識の確度 / 用語の読み取り候補が不一致,U,バリティビット
kitami,キタミ式 令和08年,data/kitami/index-948.json,948,1,21,バルク転送|avec,262,ページ認識の確度 / 用語の読み取り候補が不一致,辐送,バルク転送|avec
kitami,キタミ式 令和08年,data/kitami/index-948.json,948,1,23,バレートの法則,873,用語の読み取り候補が不一致,法则,バレートの法則
kitami,キタミ式 令和08年,data/kitami/index-948.json,948,1,24,汎化sev,732,ページ認識の確度 / 用語の読み取り候補が不一致,沉化,汎化sev
kitami,キタミ式 令和08年,data/kitami/index-948.json,948,1,25,半加算器,"145,146",用語の読み取り候補が不一致,半加算器,MRSTUU
kitami,キタミ式 令和08年,data/kitami/index-948.json,948,1,27,番地*PT,169,用語の読み取り候補が不一致,番地,番地*PT
kitami,キタミ式 令和08年,data/kitami/index-948.json,948,1,28,判定条件綱難,748,用語の読み取り候補が不一致,判定条件露,判定条件綱難
kitami,キタミ式 令和08年,data/kitami/index-948.json,948,1,29,半二重通信,261,用語の読み取り候補が不一致,半二重通信,$xRE
kitami,キタミ式 令和08年,data/kitami/index-948.json,948,1,31,汎用レジスタ,172,用語の読み取り候補が不一致,沉用,汎用レジスタ
kitami,キタミ式 令和08年,data/kitami/index-948.json,948,1,35,比較演算子,460,ページ認識の確度 / 用語の読み取り候補が不一致,比较演算子,比較演算子
kitami,キタミ式 令和08年,data/kitami/index-948.json,948,1,36,光磁,245,用語の読み取り候補が不一致,光磁,HBRTIADeopenee
kitami,キタミ式 令和08年,data/kitami/index-948.json,948,1,38,光ディスク,244,用語の読み取り候補が不一致,光,光ディスク
kitami,キタミ式 令和08年,data/kitami/index-948.json,948,1,45,非総端記号,113,ページ認識の確度 / 用語の読み取り候補が不一致,非终端配号,非総端記号
kitami,キタミ式 令和08年,data/kitami/index-948.json,948,1,48,非正規形,"450,451",用語の読み取り候補が不一致,非正规形,非正規形
kitami,キタミ式 令和08年,data/kitami/index-948.json,948,1,49,非対称型マルチブプロセッサ,202,ページ認識の確度 / 用語の読み取り候補が不一致,非对称型,非対称型マルチブプロセッサ
kitami,キタミ式 令和08年,data/kitami/index-948.json,948,1,51,左論理シフト,39,ページ認識の確度 / 用語の読み取り候補が不一致,左理,左論理シフト
kitami,キタミ式 令和08年,data/kitami/index-948.json,948,1,54,ピッグバンテスト…,750,ページ認識の確度,,ピッグバンテスト…
kitami,キタミ式 令和08年,data/kitami/index-948.json,948,1,56,卜率,542,用語の読み取り候補が不一致,卜率,EyhiROxa0desccccvoccscesv
kitami,キタミ式 令和08年,data/kitami/index-948.json,948,2,2,ビットの反転,153,用語の読み取り候補が不一致,反,ビットの反転
kitami,キタミ式 令和08年,data/kitami/index-948.json,948,2,3,ヒッット率,219,用語の読み取り候補が不一致,率,ヒッット率
kitami,キタミ式 令和08年,data/kitami/index-948.json,948,2,5,否定論理積,141,用語の読み取り候補が不一致,否定理,否定論理積
kitami,キタミ式 令和08年,data/kitami/index-948.json,948,2,6,否定論理和,141,ページ認識の確度 / 用語の読み取り候補が不一致,否定瑜理和,否定論理和
kitami,キタミ式 令和08年,data/kitami/index-948.json,948,2,7,才,273,用語が欠落または短い / 用語の読み取り候補が不一致,才,EFARAM
kitami,キタミ式 令和08年,data/kitami/index-948.json,948,2,9,否懿防止,609,用語の読み取り候補が不一致,否懿防止,BPEMIE
kitami,キタミ式 令和08年,data/kitami/index-948.json,948,2,10,ビヘイビア法,635,用語の読み取り候補が不一致,法,ビヘイビア法
kitami,キタミ式 令和08年,data/kitami/index-948.json,948,2,12,秘密键暗号方式,653,用語の読み取り候補が不一致,秘密键暗号方式,DERBSAK
kitami,キタミ式 令和08年,data/kitami/index-948.json,948,2,13,ピューの定義,481,ページ認識の確度,の定,ピューの定義
kitami,キタミ式 令和08年,data/kitami/index-948.json,948,2,15,ヒューリスティック評価法,712,ページ認識の確度 / 用語の読み取り候補が不一致,法,ヒューリスティック評価法
kitami,キタミ式 令和08年,data/kitami/index-948.json,948,2,16,git) Pererrerrer errr ttt,910,補完した行を要確認,,git) Pererrerrer errr ttt 
kitami,キタミ式 令和08年,data/kitami/index-948.json,948,2,21,標萍倡差分布,85,用語の読み取り候補が不一致,標萍倡差分布,SREannace
kitami,キタミ式 令和08年,data/kitami/index-948.json,948,2,22,表と表を結合する,464,用語の読み取り候補が不一致,表表精合,表と表を結合する
kitami,キタミ式 令和08年,data/kitami/index-948.json,948,2,26,標本調査,83,ページ認識の確度 / 用語の読み取り候補が不一致,標本明查,標本調査
kitami,キタミ式 令和08年,data/kitami/index-948.json,948,2,35,フィードバック制御cogecnaunascess:,162,用語の読み取り候補が不一致,制,フィードバック制御cogecnaunascess:
kitami,キタミ式 令和08年,data/kitami/index-948.json,948,2,38,ブール演算,56,ページ認識の確度,,ブール演算
kitami,キタミ式 令和08年,data/kitami/index-948.json,948,2,40,フェールオーバ,763,用語の読み取り候補が不一致,才,フェールオーバ
kitami,キタミ式 令和08年,data/kitami/index-948.json,948,2,50,フォロワ戦略,879,用語の読み取り候補が不一致,载略,フォロワ戦略
kitami,キタミ式 令和08年,data/kitami/index-948.json,948,2,52,深優先顺,399,用語の読み取り候補が不一致,深優先顺,REBER
kitami,キタミ式 令和08年,data/kitami/index-948.json,948,2,54,負荷分散クラスタ,762,用語の読み取り候補が不一致,負荷分散,負荷分散クラスタ
kitami,キタミ式 令和08年,data/kitami/index-948.json,948,2,55,不揮発性,210,用語の読み取り候補が不一致,不操性,不揮発性
kitami,キタミ式 令和08年,data/kitami/index-948.json,948,2,58,復合構造区,737,用語の読み取り候補が不一致,復合構造区,iBer
kitami,キタミ式 令和08年,data/kitami/index-948.json,948,2,59,復数条件網羅,748,用語の読み取り候補が不一致,復数条件羅,復数条件網羅
kitami,キタミ式 令和08年,data/kitami/index-949.json,949,1,1,復製,891,ページ認識の確度,復製,RE
kitami,キタミ式 令和08年,data/kitami/index-949.json,949,1,3,符号化,"100,135",ページ認識の確度,符号化,符号化
kitami,キタミ式 令和08年,data/kitami/index-949.json,949,1,5,不正禁止法,903,用語の読み取り候補が不一致,不正禁止法,IEPIVARIEFT
kitami,キタミ式 令和08年,data/kitami/index-949.json,949,1,6,不正競争防止法,968,掲載ページの数字 / 用語の読み取り候補が不一致,不正争防止法,不正競争防止法
kitami,キタミ式 令和08年,data/kitami/index-949.json,949,1,7,不正指令電磁的記绿仁阅寸孕罪,906,用語の読み取り候補が不一致,不正指令電磁的記绿仁阅寸孕罪,FESTSRARRCYY
kitami,キタミ式 令和08年,data/kitami/index-949.json,949,1,8,不正のトライアングル,614,補完した行を要確認,,不正のトライアングル
kitami,キタミ式 令和08年,data/kitami/index-949.json,949,1,9,物理設計,440,用語の読み取り候補が不一致,物理设计,物理設計
kitami,キタミ式 令和08年,data/kitami/index-949.json,949,1,12,部分関数従属,453,用語の読み取り候補が不一致,部分数属,部分関数従属
kitami,キタミ式 令和08年,data/kitami/index-949.json,949,1,15,プライバシーバイデザイン,617,ページ認識の確度,,プライバシーバイデザイン
kitami,キタミ式 令和08年,data/kitami/index-949.json,949,1,16,プライベートIPアドレス,50,ページ認識の確度 / 用語の読み取り候補が不一致,P,プライベートIPアドレス
kitami,キタミ式 令和08年,data/kitami/index-949.json,949,1,19,フラグメンテーション PCOOCEUUEUULUULLLLLLLLLLD,"235,320",補完した行を要確認,,フラグメンテーション PCOOCEUUEUULUULLLLLLLLLLD
kitami,キタミ式 令和08年,data/kitami/index-949.json,949,1,26,プリエンティブ方式,301,用語の読み取り候補が不一致,方式,プリエンティブ方式
kitami,キタミ式 令和08年,data/kitami/index-949.json,949,1,30,フリップフロップ回路,"142,211",用語の読み取り候補が不一致,路,フリップフロップ回路
kitami,キタミ式 令和08年,data/kitami/index-949.json,949,1,31,プリペイドカードに,871,ページ認識の確度 / 用語の読み取り候補が不一致,U,プリペイドカードに
kitami,キタミ式 令和08年,data/kitami/index-949.json,949,1,33,プリンタの種類,274,用語の読み取り候補が不一致,種類,プリンタの種類
kitami,キタミ式 令和08年,data/kitami/index-949.json,949,1,34,プリンタの性能指標,275,用語の読み取り候補が不一致,の性能指標,プリンタの性能指標
kitami,キタミ式 令和08年,data/kitami/index-949.json,949,1,35,フリンの分類,203,用語の読み取り候補が不一致,U分,フリンの分類
kitami,キタミ式 令和08年,data/kitami/index-949.json,949,1,36,方式,220,用語の読み取り候補が不一致,方式,IMPIIEFAmv
kitami,キタミ式 令和08年,data/kitami/index-949.json,949,1,38,ブルートフォース,624,用語の読み取り候補が不一致,攻,ブルートフォース
kitami,キタミ式 令和08年,data/kitami/index-949.json,949,1,39,プブルーフリスト,830,用語の読み取り候補が不一致,U,プブルーフリスト
kitami,キタミ式 令和08年,data/kitami/index-949.json,949,1,45,プレシデンスダイアグラム法,812,用語の読み取り候補が不一致,法,プレシデンスダイアグラム法
kitami,キタミ式 令和08年,data/kitami/index-949.json,949,1,47,フローチャートで使う記号,375,用語の読み取り候補が不一致,70使号,フローチャートで使う記号
kitami,キタミ式 令和08年,data/kitami/index-949.json,949,1,53,プログラム記憶方式,168,用語の読み取り候補が不一致,憶方式,プログラム記憶方式
kitami,キタミ式 令和08年,data/kitami/index-949.json,949,1,54,ブログラム実行手順,359,用語の読み取り候補が不一致,寸实行手顺,ブログラム実行手順
kitami,キタミ式 令和08年,data/kitami/index-949.json,949,1,55,プログラムステップ法,676,用語の読み取り候補が不一致,法,プログラムステップ法
kitami,キタミ式 令和08年,data/kitami/index-949.json,949,1,56,プログラム制御方式,254,用語の読み取り候補が不一致,制御方式,プログラム制御方式
kitami,キタミ式 令和08年,data/kitami/index-949.json,949,1,58,ブログラム内蔵方式,168,用語の読み取り候補が不一致,内藏方式,ブログラム内蔵方式
kitami,キタミ式 令和08年,data/kitami/index-949.json,949,1,59,プログラムの局所参照性,217,用語の読み取り候補が不一致,の局所参照性,プログラムの局所参照性
kitami,キタミ式 令和08年,data/kitami/index-949.json,949,2,1,プログラムの模造化設計,721,用語の読み取り候補が不一致,の構造化計,プログラムの模造化設計
kitami,キタミ式 令和08年,data/kitami/index-949.json,949,2,2,プログラムの作り方…easeesss,350,用語の読み取り候補が不一致,の作方,プログラムの作り方…easeesss
kitami,キタミ式 令和08年,data/kitami/index-949.json,949,2,9,プロセス成熟度モテル,690,用語の読み取り候補が不一致,成熟度,プロセス成熟度モテル
kitami,キタミ式 令和08年,data/kitami/index-949.json,949,2,10,プロダクトイノベーション,862,ページ認識の確度,,プロダクトイノベーション
kitami,キタミ式 令和08年,data/kitami/index-949.json,949,2,12,ブロック暗号方式,660,用語の読み取り候補が不一致,暗号方式,ブロック暗号方式
kitami,キタミ式 令和08年,data/kitami/index-949.json,949,2,16,プロバイダ責任制限法,905,用語の読み取り候補が不一致,夕青任制限法,プロバイダ責任制限法
kitami,キタミ式 令和08年,data/kitami/index-949.json,949,2,18,分割統治法,425,用語の読み取り候補が不一致,分割统治法,分割統治法
kitami,キタミ式 令和08年,data/kitami/index-949.json,949,2,20,分岐網耀,748,用語の読み取り候補が不一致,分岐網耀,DRAB1
kitami,キタミ式 令和08年,data/kitami/index-949.json,949,2,21,分岐予測,197,用語の読み取り候補が不一致,分岐予测,分岐予測
kitami,キタミ式 令和08年,data/kitami/index-949.json,949,2,22,分英処理,"514,758",用語の読み取り候補が不一致,分散处理,分英処理
kitami,キタミ式 令和08年,data/kitami/index-949.json,949,2,23,分散データベースシステム,498,用語の読み取り候補が不一致,分散,分散データベースシステム
kitami,キタミ式 令和08年,data/kitami/index-949.json,949,2,24,分析手法,836,用語の読み取り候補が不一致,分析手法,DHFRo
kitami,キタミ式 令和08年,data/kitami/index-949.json,949,2,25,分配法則,54,用語の読み取り候補が不一致,分配法则,分配法則
kitami,キタミ式 令和08年,data/kitami/index-949.json,949,2,26,文眠自由文法,113,ページ認識の確度 / 用語の読み取り候補が不一致,文眠自由文法,SREBIGE
kitami,キタミ式 令和08年,data/kitami/index-949.json,949,2,28,平均故障問隔,"779,781",用語の読み取り候補が不一致,平均故障問隔,FOR
kitami,キタミ式 令和08年,data/kitami/index-949.json,949,2,30,平均情報量,"99,101",用語の読み取り候補が不一致,平均情报量,平均情報量
kitami,キタミ式 令和08年,data/kitami/index-949.json,949,2,31,平方根,65,用語の読み取り候補が不一致,平方根,FARFTTTTTTD
kitami,キタミ式 令和08年,data/kitami/index-949.json,949,2,33,並列処理,202,用語の読み取り候補が不一致,列处理,並列処理
kitami,キタミ式 令和08年,data/kitami/index-949.json,949,2,34,並列につながっているシステム,786,用語の読み取り候補が不一致,列,並列につながっているシステム
kitami,キタミ式 令和08年,data/kitami/index-949.json,949,2,35,阴路,88,ページ認識の確度 / 用語認識の確度,阴路,
kitami,キタミ式 令和08年,data/kitami/index-949.json,949,2,41,ページの置き換えアルゴリズム,338,用語の読み取り候補が不一致,置换,ページの置き換えアルゴリズム
kitami,キタミ式 令和08年,data/kitami/index-949.json,949,2,44,ページング方式,335,用語の読み取り候補が不一致,方式,ページング方式
kitami,キタミ式 令和08年,data/kitami/index-949.json,949,2,45,ベースアドレス指定方式,182,用語の読み取り候補が不一致,指定方式,ベースアドレス指定方式
kitami,キタミ式 令和08年,data/kitami/index-949.json,949,2,50,,87,用語が欠落または短い / 用語認識の確度,,
kitami,キタミ式 令和08年,data/kitami/index-949.json,949,2,51,变换处理,723,ページ認識の確度 / 用語の読み取り候補が不一致,变换处理,BRM
kitami,キタミ式 令和08年,data/kitami/index-949.json,949,2,57,変動比率,914,用語の読み取り候補が不一致,变動比率,変動比率
kitami,キタミ式 令和08年,data/kitami/index-950.json,950,1,1,方位センサ,161,ページ認識の確度,方位,方位センサ
kitami,キタミ式 令和08年,data/kitami/index-950.json,950,1,3,法人著作,893,用語の読み取り候補が不一致,法人著作,EAB
kitami,キタミ式 令和08年,data/kitami/index-950.json,950,1,8,保証意見,832,ページ認識の確度 / 用語の読み取り候補が不一致,保证意见,保証意見
kitami,キタミ式 令和08年,data/kitami/index-950.json,950,1,10,補助単位,124,ページ認識の確度 / 用語の読み取り候補が不一致,補助单位,補助単位
kitami,キタミ式 令和08年,data/kitami/index-950.json,950,1,12,ホストアドレス部,551,ページ認識の確度 / 用語の読み取り候補が不一致,部,ホストアドレス部
kitami,キタミ式 令和08年,data/kitami/index-950.json,950,1,20,基,748,用語が欠落または短い / ページ認識の確度 / 用語の読み取り候補が不一致,基,MITKMRYIAFAROMMRAE
kitami,キタミ式 令和08年,data/kitami/index-950.json,950,1,21,マージソート,419,ページ認識の確度,,マージソート
kitami,キタミ式 令和08年,data/kitami/index-950.json,950,1,26,マクロウイルス,632,ページ認識の確度,,マクロウイルス
kitami,キタミ式 令和08年,data/kitami/index-950.json,950,1,27,負け犬,877,用語の読み取り候補が不一致,负付犬I i i i,負け犬
kitami,キタミ式 令和08年,data/kitami/index-950.json,950,1,30,マッシュアップ,969,掲載ページの数字,,マッシュアップ
kitami,キタミ式 令和08年,data/kitami/index-950.json,950,1,31,マトリックス図法,847,用語の読み取り候補が不一致,法,マトリックス図法
kitami,キタミ式 令和08年,data/kitami/index-950.json,950,1,33,マトリックステータダ,847,用語の読み取り候補が不一致,夕解析法,マトリックステータダ
kitami,キタミ式 令和08年,data/kitami/index-950.json,950,1,34,摩耗故障期間t,790,用語の読み取り候補が不一致,摩耗故障期間,摩耗故障期間t
kitami,キタミ式 令和08年,data/kitami/index-950.json,950,1,36,マルコフ選程,80,用語の読み取り候補が不一致,通程,マルコフ選程
kitami,キタミ式 令和08年,data/kitami/index-950.json,950,1,40,マルチプロセッサ,204,用語の読み取り候補が不一致,儿,マルチプロセッサ
kitami,キタミ式 令和08年,data/kitami/index-950.json,950,1,42,マルチメデティアデータの表現方法,132,用語の読み取り候補が不一致,夕の表現方法,マルチメデティアデータの表現方法
kitami,キタミ式 令和08年,data/kitami/index-950.json,950,1,44,石算術シフト,40,用語の読み取り候補が不一致,右算,石算術シフト
kitami,キタミ式 令和08年,data/kitami/index-950.json,950,1,46,右論理シフト,39,ページ認識の確度 / 用語の読み取り候補が不一致,右理,右論理シフト
kitami,キタミ式 令和08年,data/kitami/index-950.json,950,1,47,密结合型,204,用語の読み取り候補が不一致,密结合型,et
kitami,キタミ式 令和08年,data/kitami/index-950.json,950,1,48,密結合マルチプロセッサ,204,用語の読み取り候補が不一致,密,密結合マルチプロセッサ
kitami,キタミ式 令和08年,data/kitami/index-950.json,950,1,49,ミコ,84,ページ認識の確度,三1,ミコ
kitami,キタミ式 令和08年,data/kitami/index-950.json,950,1,52,無限集,52,ページ認識の確度,無限集合,無限集
kitami,キタミ式 令和08年,data/kitami/index-950.json,950,2,1,RITンタフェース,264,用語の読み取り候補が不一致,無,RITンタフェース
kitami,キタミ式 令和08年,data/kitami/index-950.json,950,2,4,人令実行,176,ページ認識の確度 / 用語の読み取り候補が不一致,命实行,人令実行
kitami,キタミ式 令和08年,data/kitami/index-950.json,950,2,5,命令の解読,174,ページ認識の確度 / 用語の読み取り候補が不一致,命命の解睛,命令の解読
kitami,キタミ式 令和08年,data/kitami/index-950.json,950,2,7,a=ックス,192,用語の読み取り候補が不一致,命,a=ックス
kitami,キタミ式 令和08年,data/kitami/index-950.json,950,2,8,命令レジスタ,172,用語の読み取り候補が不一致,命,命令レジスタ
kitami,キタミ式 令和08年,data/kitami/index-950.json,950,2,10,メールアドレス,587,用語の読み取り候補が不一致,X,メールアドレス
kitami,キタミ式 令和08年,data/kitami/index-950.json,950,2,16,メニュー/(-ecenvenv,708,用語の読み取り候補が不一致,X二八<,メニュー/(-ecenvenv
kitami,キタミ式 令和08年,data/kitami/index-950.json,950,2,17,モリインターリーブ,222,用語の読み取り候補が不一致,X,モリインターリーブ
kitami,キタミ式 令和08年,data/kitami/index-950.json,950,2,19,メモリの分類,210,用語の読み取り候補が不一致,分類,メモリの分類
kitami,キタミ式 令和08年,data/kitami/index-950.json,950,2,20,メモリ変換ユニッ,332,用語の読み取り候補が不一致,换,メモリ変換ユニッ
kitami,キタミ式 令和08年,data/kitami/index-950.json,950,2,24,目標復旧レベル,823,用語の読み取り候補が不一致,目標復,目標復旧レベル
kitami,キタミ式 令和08年,data/kitami/index-950.json,950,2,30,文字の表現方法,125,用語の読み取り候補が不一致,文字の表现方法,文字の表現方法
kitami,キタミ式 令和08年,data/kitami/index-950.json,950,2,31,モジュール強度pence:,724,用語の読み取り候補が不一致,強度,モジュール強度pence:
kitami,キタミ式 令和08年,data/kitami/index-950.json,950,2,32,モジュール結合度,725,用語の読み取り候補が不一致,结合度,モジュール結合度
kitami,キタミ式 令和08年,data/kitami/index-950.json,950,2,33,モジュールに分ける利点と留,722,用語の読み取り候補が不一致,分利点留意点,モジュールに分ける利点と留
kitami,キタミ式 令和08年,data/kitami/index-950.json,950,2,34,モジュールの独立性wacsceccaccca,724,用語の読み取り候補が不一致,一の独立性,モジュールの独立性wacsceccaccca
kitami,キタミ式 令和08年,data/kitami/index-950.json,950,2,35,モジュールの分割,721,用語の読み取り候補が不一致,一分割,モジュールの分割
kitami,キタミ式 令和08年,data/kitami/index-950.json,950,2,36,モジュールの分割技法,723,用語の読み取り候補が不一致,分割技法,モジュールの分割技法
kitami,キタミ式 令和08年,data/kitami/index-950.json,950,2,42,有機Eしディスプレイ,271,用語の読み取り候補が不一致,有機,有機Eしディスプレイ
kitami,キタミ式 令和08年,data/kitami/index-950.json,950,2,43,有限才,107,用語の読み取り候補が不一致,有限才,BRA-—RVRYPT
kitami,キタミ式 令和08年,data/kitami/index-950.json,950,2,44,有限集,52,ページ認識の確度,有限集合,有限集
kitami,キタミ式 令和08年,data/kitami/index-950.json,950,2,45,有限小数,45,ページ認識の確度,有限小数,有限小数
kitami,キタミ式 令和08年,data/kitami/index-950.json,950,2,46,有効アドレス,178,用語の読み取り候補が不一致,有效,有効アドレス
kitami,キタミ式 令和08年,data/kitami/index-950.json,950,2,47,有向グラフにage>。=scscaceo,88,ページ認識の確度 / 用語の読み取り候補が不一致,有向,有向グラフにage>。=scscaceo
kitami,キタミ式 令和08年,data/kitami/index-950.json,950,2,49,ユーザ認証の手法,620,用語の読み取り候補が不一致,手法,ユーザ認証の手法
kitami,キタミ式 令和08年,data/kitami/index-950.json,950,2,52,ユーザビリティの評価手法,712,用語の読み取り候補が不一致,の手法,ユーザビリティの評価手法
kitami,キタミ式 令和08年,data/kitami/index-951.json,951,1,1,ユースケース図|,"737,738",用語の読み取り候補が不一致,一,ユースケース図|
kitami,キタミ式 令和08年,data/kitami/index-951.json,951,1,2,便先度順方式,299,用語の読み取り候補が不一致,優先度顺方式,便先度順方式
kitami,キタミ式 令和08年,data/kitami/index-951.json,951,1,4,ユニーニキャスト,553,用語の読み取り候補が不一致,二,ユニーニキャスト
kitami,キタミ式 令和08年,data/kitami/index-951.json,951,1,7,ユニバーサルデザイン,711,補完した行を要確認,,ユニバーサルデザイン
kitami,キタミ式 令和08年,data/kitami/index-951.json,951,1,8,要求定義ブロセス,"672,673",用語の読み取り候補が不一致,要求定,要求定義ブロセス
kitami,キタミ式 令和08年,data/kitami/index-951.json,951,1,9,要件定義,684,用語の読み取り候補が不一致,要件定羲,要件定義
kitami,キタミ式 令和08年,data/kitami/index-951.json,951,1,10,要件定義書,68,用語の読み取り候補が不一致,要件定装書,要件定義書
kitami,キタミ式 令和08年,data/kitami/index-951.json,951,1,11,要素savecccccocecesevccccancascancet,5,用語の読み取り候補が不一致,要秦,要素savecccccocecesevccccancascancet
kitami,キタミ式 令和08年,data/kitami/index-951.json,951,1,14,方式,218,用語の読み取り候補が不一致,方式,SThAIL-AX
kitami,キタミ式 令和08年,data/kitami/index-951.json,951,1,15,ライトバック方式いい,218,用語の読み取り候補が不一致,方式,ライトバック方式いい
kitami,キタミ式 令和08年,data/kitami/index-951.json,951,1,17,方式,300,用語の読み取り候補が不一致,方式,590YFOEYAX
kitami,キタミ式 令和08年,data/kitami/index-951.json,951,1,19,eea,708,英字の用語が不鮮明,,eea
kitami,キタミ式 令和08年,data/kitami/index-951.json,951,1,22,リアルタイム,305,用語の読み取り候補が不一致,U儿,リアルタイム
kitami,キタミ式 令和08年,data/kitami/index-951.json,951,1,23,U儿夕处理,305,用語の読み取り候補が不一致,U儿夕处理,UPSThE
kitami,キタミ式 令和08年,data/kitami/index-951.json,951,1,28,リエンジニアリング,689,用語の読み取り候補が不一致,UIU,リエンジニアリング
kitami,キタミ式 令和08年,data/kitami/index-951.json,951,1,33,リスクアセスメント,612,ページ認識の確度,,リスクアセスメント
kitami,キタミ式 令和08年,data/kitami/index-951.json,951,1,36,"リスク対応onconccasece,","612,613",用語の読み取り候補が不一致,U夕对応,"リスク対応onconccasece,"
kitami,キタミ式 令和08年,data/kitami/index-951.json,951,1,39,UD Re Be by bo a a po,613,補完した行を要確認,,UD Re Be by bo a a po
kitami,キタミ式 令和08年,data/kitami/index-951.json,951,1,41,リスクマネジメントに含まれる4つのプ,61,ページ認識の確度,,リスクマネジメントに含まれる4つのプ
kitami,キタミ式 令和08年,data/kitami/index-951.json,951,1,46,リトルエンディアン,18,ページ認識の確度,,リトルエンディアン
kitami,キタミ式 令和08年,data/kitami/index-951.json,951,1,47,リバースエンジニアリング,969689,掲載ページの数字,,リバースエンジニアリング
kitami,キタミ式 令和08年,data/kitami/index-951.json,951,1,48,リバースプルートフォース攻撃,624,用語の読み取り候補が不一致,攻,リバースプルートフォース攻撃
kitami,キタミ式 令和08年,data/kitami/index-951.json,951,1,50,リピータハブ,52,用語の読み取り候補が不一致,八,リピータハブ
kitami,キタミ式 令和08年,data/kitami/index-951.json,951,1,53,リミットチェック,719,用語の読み取り候補が不一致,U,リミットチェック
kitami,キタミ式 令和08年,data/kitami/index-951.json,951,1,54,リムーバブルメディア,243,用語の読み取り候補が不一致,UL,リムーバブルメディア
kitami,キタミ式 令和08年,data/kitami/index-951.json,951,2,8,隣接行列,90,ページ認識の確度 / 用語の読み取り候補が不一致,接行列,隣接行列
kitami,キタミ式 令和08年,data/kitami/index-951.json,951,2,11,ルーティングテープル,530,ページ認識の確度,,ルーティングテープル
kitami,キタミ式 令和08年,data/kitami/index-951.json,951,2,14,レインボー攻撃,624,用語の読み取り候補が不一致,攻擎,レインボー攻撃
kitami,キタミ式 令和08年,data/kitami/index-951.json,951,2,17,レジスタ,171,ページ認識の確度,,レジスタ
kitami,キタミ式 令和08年,data/kitami/index-951.json,951,2,18,レジスタの種類,172,ページ認識の確度 / 用語の読み取り候補が不一致,夕種類,レジスタの種類
kitami,キタミ式 令和08年,data/kitami/index-951.json,951,2,20,レビコード,688,ページ認識の確度,"tn-""",レビコード
kitami,キタミ式 令和08年,data/kitami/index-951.json,951,2,21,運関図法,"847,853",用語の読み取り候補が不一致,连法,運関図法
kitami,キタミ式 令和08年,data/kitami/index-951.json,951,2,22,連携編集,362,用語の読み取り候補が不一致,速携辐集,連携編集
kitami,キタミ式 令和08年,data/kitami/index-951.json,951,2,23,連格的强度,724,用語の読み取り候補が不一致,連格的强度,ERO
kitami,キタミ式 令和08年,data/kitami/index-951.json,951,2,24,労働基準法,884,用語の読み取り候補が不一致,劳基萍法,労働基準法
kitami,キタミ式 令和08年,data/kitami/index-951.json,951,2,25,労働者派遣法,885,用語の読み取り候補が不一致,劳者派遗法,労働者派遣法
kitami,キタミ式 令和08年,data/kitami/index-951.json,951,2,26,労働力の提供形態,86,ページ認識の確度 / 用語の読み取り候補が不一致,劳物力の提供形態,労働力の提供形態
kitami,キタミ式 令和08年,data/kitami/index-951.json,951,2,31,ログアウト,619,ページ認識の確度,,ログアウト
kitami,キタミ式 令和08年,data/kitami/index-951.json,951,2,32,ログイン,619,ページ認識の確度,,ログイン
kitami,キタミ式 令和08年,data/kitami/index-951.json,951,2,33,ログオン,619,ページ認識の確度,,ログオン
kitami,キタミ式 令和08年,data/kitami/index-951.json,951,2,34,ログ改ざんツール,626,用語の読み取り候補が不一致,改,ログ改ざんツール
kitami,キタミ式 令和08年,data/kitami/index-951.json,951,2,35,ロングテール,873,ページ認識の確度,,ロングテール
kitami,キタミ式 令和08年,data/kitami/index-951.json,951,2,37,論理深算子,461,ページ認識の確度 / 用語の読み取り候補が不一致,理滨算子,論理深算子
kitami,キタミ式 令和08年,data/kitami/index-951.json,951,2,38,論理回路,"140,156",用語の読み取り候補が不一致,理回路,論理回路
kitami,キタミ式 令和08年,data/kitami/index-951.json,951,2,39,azシフト,39,ページ認識の確度 / 用語の読み取り候補が不一致,理,azシフト
kitami,キタミ式 令和08年,data/kitami/index-951.json,951,2,43,論理的強度,724,用語の読み取り候補が不一致,理的强度,論理的強度
kitami,キタミ式 令和08年,data/kitami/index-951.json,951,2,44,論理変数,58,ページ認識の確度 / 用語の読み取り候補が不一致,理变数,論理変数
kitami,キタミ式 令和08年,data/kitami/index-951.json,951,2,46,和,438,用語が欠落または短い,和,ee
kitami,キタミ式 令和08年,data/kitami/index-951.json,951,2,49,和集,53,ページ認識の確度,和集合,和集
kitami,キタミ式 令和08年,data/kitami/index-951.json,951,2,50,和の法則に。。=。<,"72,73",用語の読み取り候補が不一致,和の法则,和の法則に。。=。<
kitami,キタミ式 令和08年,data/kitami/index-951.json,951,2,51,割込み処理,304,ページ認識の確度,割?理,割込み処理
